/*
Navicat MySQL Data Transfer

Source Server         : localhost
Source Server Version : 80016
Source Host           : localhost:3306
Source Database       : platform

Target Server Type    : MYSQL
Target Server Version : 80016
File Encoding         : 65001

Date: 2019-07-15 09:07:40
*/

SET FOREIGN_KEY_CHECKS=0;

-- ----------------------------
-- Table structure for qrtz_blob_triggers
-- ----------------------------
DROP TABLE IF EXISTS `qrtz_blob_triggers`;
CREATE TABLE `qrtz_blob_triggers` (
  `SCHED_NAME` varchar(120) COLLATE utf8_bin NOT NULL,
  `TRIGGER_NAME` varchar(200) COLLATE utf8_bin NOT NULL,
  `TRIGGER_GROUP` varchar(200) COLLATE utf8_bin NOT NULL,
  `BLOB_DATA` longblob,
  PRIMARY KEY (`SCHED_NAME`,`TRIGGER_NAME`,`TRIGGER_GROUP`),
  CONSTRAINT `qrtz_blob_triggers_ibfk_1` FOREIGN KEY (`SCHED_NAME`, `TRIGGER_NAME`, `TRIGGER_GROUP`) REFERENCES `qrtz_triggers` (`SCHED_NAME`, `TRIGGER_NAME`, `TRIGGER_GROUP`)
) ENGINE=InnoDB DEFAULT CHARSET=utf8 COLLATE=utf8_bin;

-- ----------------------------
-- Records of qrtz_blob_triggers
-- ----------------------------

-- ----------------------------
-- Table structure for qrtz_calendars
-- ----------------------------
DROP TABLE IF EXISTS `qrtz_calendars`;
CREATE TABLE `qrtz_calendars` (
  `SCHED_NAME` varchar(120) COLLATE utf8_bin NOT NULL,
  `CALENDAR_NAME` varchar(200) COLLATE utf8_bin NOT NULL,
  `CALENDAR` longblob NOT NULL,
  PRIMARY KEY (`SCHED_NAME`,`CALENDAR_NAME`)
) ENGINE=InnoDB DEFAULT CHARSET=utf8 COLLATE=utf8_bin;

-- ----------------------------
-- Records of qrtz_calendars
-- ----------------------------

-- ----------------------------
-- Table structure for qrtz_cron_triggers
-- ----------------------------
DROP TABLE IF EXISTS `qrtz_cron_triggers`;
CREATE TABLE `qrtz_cron_triggers` (
  `SCHED_NAME` varchar(120) COLLATE utf8_bin NOT NULL,
  `TRIGGER_NAME` varchar(200) COLLATE utf8_bin NOT NULL,
  `TRIGGER_GROUP` varchar(200) COLLATE utf8_bin NOT NULL,
  `CRON_EXPRESSION` varchar(120) COLLATE utf8_bin NOT NULL,
  `TIME_ZONE_ID` varchar(80) COLLATE utf8_bin DEFAULT NULL,
  PRIMARY KEY (`SCHED_NAME`,`TRIGGER_NAME`,`TRIGGER_GROUP`),
  CONSTRAINT `qrtz_cron_triggers_ibfk_1` FOREIGN KEY (`SCHED_NAME`, `TRIGGER_NAME`, `TRIGGER_GROUP`) REFERENCES `qrtz_triggers` (`SCHED_NAME`, `TRIGGER_NAME`, `TRIGGER_GROUP`)
) ENGINE=InnoDB DEFAULT CHARSET=utf8 COLLATE=utf8_bin;

-- ----------------------------
-- Records of qrtz_cron_triggers
-- ----------------------------
INSERT INTO `qrtz_cron_triggers` VALUES ('BettemScheduler', 'TASK_08d9a6fa829b46b49ff5c5dc3a120475', 'DEFAULT', '0 1 0 1/1 * ? ', 'Asia/Shanghai');
INSERT INTO `qrtz_cron_triggers` VALUES ('BettemScheduler', 'TASK_84c5009d652b4007a7be7277413bd931', 'DEFAULT', '0 15 10 * * ? *', 'Asia/Shanghai');

-- ----------------------------
-- Table structure for qrtz_fired_triggers
-- ----------------------------
DROP TABLE IF EXISTS `qrtz_fired_triggers`;
CREATE TABLE `qrtz_fired_triggers` (
  `SCHED_NAME` varchar(120) COLLATE utf8_bin NOT NULL,
  `ENTRY_ID` varchar(95) COLLATE utf8_bin NOT NULL,
  `TRIGGER_NAME` varchar(200) COLLATE utf8_bin NOT NULL,
  `TRIGGER_GROUP` varchar(200) COLLATE utf8_bin NOT NULL,
  `INSTANCE_NAME` varchar(200) COLLATE utf8_bin NOT NULL,
  `FIRED_TIME` decimal(13,0) NOT NULL,
  `SCHED_TIME` decimal(13,0) NOT NULL,
  `PRIORITY` decimal(13,0) NOT NULL,
  `STATE` varchar(16) COLLATE utf8_bin NOT NULL,
  `JOB_NAME` varchar(200) COLLATE utf8_bin DEFAULT NULL,
  `JOB_GROUP` varchar(200) COLLATE utf8_bin DEFAULT NULL,
  `IS_NONCONCURRENT` varchar(1) COLLATE utf8_bin DEFAULT NULL,
  `REQUESTS_RECOVERY` varchar(1) COLLATE utf8_bin DEFAULT NULL,
  PRIMARY KEY (`SCHED_NAME`,`ENTRY_ID`),
  KEY `IDX_QRTZ_FT_INST_JOB_REQ_RCVRY` (`SCHED_NAME`,`INSTANCE_NAME`,`REQUESTS_RECOVERY`),
  KEY `IDX_QRTZ_FT_JG` (`SCHED_NAME`,`JOB_GROUP`),
  KEY `IDX_QRTZ_FT_J_G` (`SCHED_NAME`,`JOB_NAME`,`JOB_GROUP`),
  KEY `IDX_QRTZ_FT_TG` (`SCHED_NAME`,`TRIGGER_GROUP`),
  KEY `IDX_QRTZ_FT_TRIG_INST_NAME` (`SCHED_NAME`,`INSTANCE_NAME`),
  KEY `IDX_QRTZ_FT_T_G` (`SCHED_NAME`,`TRIGGER_NAME`,`TRIGGER_GROUP`)
) ENGINE=InnoDB DEFAULT CHARSET=utf8 COLLATE=utf8_bin;

-- ----------------------------
-- Records of qrtz_fired_triggers
-- ----------------------------

-- ----------------------------
-- Table structure for qrtz_job_details
-- ----------------------------
DROP TABLE IF EXISTS `qrtz_job_details`;
CREATE TABLE `qrtz_job_details` (
  `SCHED_NAME` varchar(120) COLLATE utf8_bin NOT NULL,
  `JOB_NAME` varchar(200) COLLATE utf8_bin NOT NULL,
  `JOB_GROUP` varchar(200) COLLATE utf8_bin NOT NULL,
  `DESCRIPTION` varchar(250) COLLATE utf8_bin DEFAULT NULL,
  `JOB_CLASS_NAME` varchar(250) COLLATE utf8_bin NOT NULL,
  `IS_DURABLE` varchar(1) COLLATE utf8_bin NOT NULL,
  `IS_NONCONCURRENT` varchar(1) COLLATE utf8_bin NOT NULL,
  `IS_UPDATE_DATA` varchar(1) COLLATE utf8_bin NOT NULL,
  `REQUESTS_RECOVERY` varchar(1) COLLATE utf8_bin NOT NULL,
  `JOB_DATA` longblob,
  PRIMARY KEY (`SCHED_NAME`,`JOB_NAME`,`JOB_GROUP`),
  KEY `IDX_QRTZ_J_GRP` (`SCHED_NAME`,`JOB_GROUP`),
  KEY `IDX_QRTZ_J_REQ_RECOVERY` (`SCHED_NAME`,`REQUESTS_RECOVERY`)
) ENGINE=InnoDB DEFAULT CHARSET=utf8 COLLATE=utf8_bin;

-- ----------------------------
-- Records of qrtz_job_details
-- ----------------------------
INSERT INTO `qrtz_job_details` VALUES ('BettemScheduler', 'TASK_08d9a6fa829b46b49ff5c5dc3a120475', 'DEFAULT', null, 'com.bettem.modules.job.utils.ScheduleJob', '0', '0', '0', '0', 0xACED0005737200156F72672E71756172747A2E4A6F62446174614D61709FB083E8BFA9B0CB020000787200266F72672E71756172747A2E7574696C732E537472696E674B65794469727479466C61674D61708208E8C3FBC55D280200015A0013616C6C6F77735472616E7369656E74446174617872001D6F72672E71756172747A2E7574696C732E4469727479466C61674D617013E62EAD28760ACE0200025A000564697274794C00036D617074000F4C6A6176612F7574696C2F4D61703B787001737200116A6176612E7574696C2E486173684D61700507DAC1C31660D103000246000A6C6F6164466163746F724900097468726573686F6C6478703F4000000000000C7708000000100000000174000D4A4F425F504152414D5F4B45597372002F636F6D2E62657474656D2E6D6F64756C65732E6A6F622E656E746974792E5363686564756C654A6F62456E7469747900000000000000010200084C00086265616E4E616D657400124C6A6176612F6C616E672F537472696E673B4C000A63726561746554696D657400104C6A6176612F7574696C2F446174653B4C000E63726F6E45787072657373696F6E71007E00094C00056A6F62496471007E00094C000A6D6574686F644E616D6571007E00094C0006706172616D7371007E00094C000672656D61726B71007E00094C00067374617475737400134C6A6176612F6C616E672F496E74656765723B787074001167726F756E64537562736964795461736B7372000E6A6176612E7574696C2E44617465686A81014B597419030000787077080000016B02CEA8737874000E302031203020312F31202A203F20740020303864396136666138323962343662343966663563356463336131323034373574001A757064617465546F776E53746174735075626C6963537461746570740021E5AE9AE697B6E4BBBBE58AA1E5A484E79086E4B9A1E99587E7BAA7E585ACE7A4BA737200116A6176612E6C616E672E496E746567657212E2A0A4F781873802000149000576616C7565787200106A6176612E6C616E672E4E756D62657286AC951D0B94E08B0200007870000000007800);
INSERT INTO `qrtz_job_details` VALUES ('BettemScheduler', 'TASK_84c5009d652b4007a7be7277413bd931', 'DEFAULT', null, 'com.bettem.modules.job.utils.ScheduleJob', '0', '0', '0', '0', 0xACED0005737200156F72672E71756172747A2E4A6F62446174614D61709FB083E8BFA9B0CB020000787200266F72672E71756172747A2E7574696C732E537472696E674B65794469727479466C61674D61708208E8C3FBC55D280200015A0013616C6C6F77735472616E7369656E74446174617872001D6F72672E71756172747A2E7574696C732E4469727479466C61674D617013E62EAD28760ACE0200025A000564697274794C00036D617074000F4C6A6176612F7574696C2F4D61703B787001737200116A6176612E7574696C2E486173684D61700507DAC1C31660D103000246000A6C6F6164466163746F724900097468726573686F6C6478703F4000000000000C7708000000100000000174000D4A4F425F504152414D5F4B45597372002F636F6D2E62657474656D2E6D6F64756C65732E6A6F622E656E746974792E5363686564756C654A6F62456E7469747900000000000000010200084C00086265616E4E616D657400124C6A6176612F6C616E672F537472696E673B4C000A63726561746554696D657400104C6A6176612F7574696C2F446174653B4C000E63726F6E45787072657373696F6E71007E00094C00056A6F62496471007E00094C000A6D6574686F644E616D6571007E00094C0006706172616D7371007E00094C000672656D61726B71007E00094C00067374617475737400134C6A6176612F6C616E672F496E74656765723B7870740008746573745461736B7372000E6A6176612E7574696C2E44617465686A81014B597419030000787077080000016BE595E52D7874000F30203135203130202A202A203F202A740020383463353030396436353262343030376137626537323737343133626439333174000574657374327070737200116A6176612E6C616E672E496E746567657212E2A0A4F781873802000149000576616C7565787200106A6176612E6C616E672E4E756D62657286AC951D0B94E08B0200007870000000007800);

-- ----------------------------
-- Table structure for qrtz_locks
-- ----------------------------
DROP TABLE IF EXISTS `qrtz_locks`;
CREATE TABLE `qrtz_locks` (
  `SCHED_NAME` varchar(120) COLLATE utf8_bin NOT NULL,
  `LOCK_NAME` varchar(40) COLLATE utf8_bin NOT NULL,
  PRIMARY KEY (`SCHED_NAME`,`LOCK_NAME`)
) ENGINE=InnoDB DEFAULT CHARSET=utf8 COLLATE=utf8_bin;

-- ----------------------------
-- Records of qrtz_locks
-- ----------------------------
INSERT INTO `qrtz_locks` VALUES ('BettemScheduler', 'STATE_ACCESS');
INSERT INTO `qrtz_locks` VALUES ('BettemScheduler', 'TRIGGER_ACCESS');
INSERT INTO `qrtz_locks` VALUES ('RenrenScheduler', 'STATE_ACCESS');
INSERT INTO `qrtz_locks` VALUES ('RenrenScheduler', 'TRIGGER_ACCESS');

-- ----------------------------
-- Table structure for qrtz_paused_trigger_grps
-- ----------------------------
DROP TABLE IF EXISTS `qrtz_paused_trigger_grps`;
CREATE TABLE `qrtz_paused_trigger_grps` (
  `SCHED_NAME` varchar(120) COLLATE utf8_bin NOT NULL,
  `TRIGGER_GROUP` varchar(200) COLLATE utf8_bin NOT NULL,
  PRIMARY KEY (`SCHED_NAME`,`TRIGGER_GROUP`)
) ENGINE=InnoDB DEFAULT CHARSET=utf8 COLLATE=utf8_bin;

-- ----------------------------
-- Records of qrtz_paused_trigger_grps
-- ----------------------------

-- ----------------------------
-- Table structure for qrtz_scheduler_state
-- ----------------------------
DROP TABLE IF EXISTS `qrtz_scheduler_state`;
CREATE TABLE `qrtz_scheduler_state` (
  `SCHED_NAME` varchar(120) COLLATE utf8_bin NOT NULL,
  `INSTANCE_NAME` varchar(200) COLLATE utf8_bin NOT NULL,
  `LAST_CHECKIN_TIME` decimal(13,0) NOT NULL,
  `CHECKIN_INTERVAL` decimal(13,0) NOT NULL,
  PRIMARY KEY (`SCHED_NAME`,`INSTANCE_NAME`)
) ENGINE=InnoDB DEFAULT CHARSET=utf8 COLLATE=utf8_bin;

-- ----------------------------
-- Records of qrtz_scheduler_state
-- ----------------------------
INSERT INTO `qrtz_scheduler_state` VALUES ('BettemScheduler', 'DESKTOP-OFDFEU91563112617826', '1563115291063', '15000');
INSERT INTO `qrtz_scheduler_state` VALUES ('RenrenScheduler', 'LAPTOP-QJ3V5SIP1544677495051', '1544677609061', '15000');

-- ----------------------------
-- Table structure for qrtz_simple_triggers
-- ----------------------------
DROP TABLE IF EXISTS `qrtz_simple_triggers`;
CREATE TABLE `qrtz_simple_triggers` (
  `SCHED_NAME` varchar(120) COLLATE utf8_bin NOT NULL,
  `TRIGGER_NAME` varchar(200) COLLATE utf8_bin NOT NULL,
  `TRIGGER_GROUP` varchar(200) COLLATE utf8_bin NOT NULL,
  `REPEAT_COUNT` decimal(7,0) NOT NULL,
  `REPEAT_INTERVAL` decimal(12,0) NOT NULL,
  `TIMES_TRIGGERED` decimal(10,0) NOT NULL,
  PRIMARY KEY (`SCHED_NAME`,`TRIGGER_NAME`,`TRIGGER_GROUP`),
  CONSTRAINT `qrtz_simple_triggers_ibfk_1` FOREIGN KEY (`SCHED_NAME`, `TRIGGER_NAME`, `TRIGGER_GROUP`) REFERENCES `qrtz_triggers` (`SCHED_NAME`, `TRIGGER_NAME`, `TRIGGER_GROUP`)
) ENGINE=InnoDB DEFAULT CHARSET=utf8 COLLATE=utf8_bin;

-- ----------------------------
-- Records of qrtz_simple_triggers
-- ----------------------------

-- ----------------------------
-- Table structure for qrtz_simprop_triggers
-- ----------------------------
DROP TABLE IF EXISTS `qrtz_simprop_triggers`;
CREATE TABLE `qrtz_simprop_triggers` (
  `SCHED_NAME` varchar(120) COLLATE utf8_bin NOT NULL,
  `TRIGGER_NAME` varchar(200) COLLATE utf8_bin NOT NULL,
  `TRIGGER_GROUP` varchar(200) COLLATE utf8_bin NOT NULL,
  `STR_PROP_1` text COLLATE utf8_bin,
  `STR_PROP_2` text COLLATE utf8_bin,
  `STR_PROP_3` text COLLATE utf8_bin,
  `INT_PROP_1` decimal(10,0) DEFAULT NULL,
  `INT_PROP_2` decimal(10,0) DEFAULT NULL,
  `LONG_PROP_1` decimal(13,0) DEFAULT NULL,
  `LONG_PROP_2` decimal(13,0) DEFAULT NULL,
  `DEC_PROP_1` decimal(13,4) DEFAULT NULL,
  `DEC_PROP_2` decimal(13,4) DEFAULT NULL,
  `BOOL_PROP_1` varchar(1) COLLATE utf8_bin DEFAULT NULL,
  `BOOL_PROP_2` varchar(1) COLLATE utf8_bin DEFAULT NULL,
  PRIMARY KEY (`SCHED_NAME`,`TRIGGER_NAME`,`TRIGGER_GROUP`),
  CONSTRAINT `qrtz_simprop_triggers_ibfk_1` FOREIGN KEY (`SCHED_NAME`, `TRIGGER_NAME`, `TRIGGER_GROUP`) REFERENCES `qrtz_triggers` (`SCHED_NAME`, `TRIGGER_NAME`, `TRIGGER_GROUP`)
) ENGINE=InnoDB DEFAULT CHARSET=utf8 COLLATE=utf8_bin;

-- ----------------------------
-- Records of qrtz_simprop_triggers
-- ----------------------------

-- ----------------------------
-- Table structure for qrtz_triggers
-- ----------------------------
DROP TABLE IF EXISTS `qrtz_triggers`;
CREATE TABLE `qrtz_triggers` (
  `SCHED_NAME` varchar(120) COLLATE utf8_bin NOT NULL,
  `TRIGGER_NAME` varchar(200) COLLATE utf8_bin NOT NULL,
  `TRIGGER_GROUP` varchar(200) COLLATE utf8_bin NOT NULL,
  `JOB_NAME` varchar(200) COLLATE utf8_bin NOT NULL,
  `JOB_GROUP` varchar(200) COLLATE utf8_bin NOT NULL,
  `DESCRIPTION` varchar(250) COLLATE utf8_bin DEFAULT NULL,
  `NEXT_FIRE_TIME` decimal(13,0) DEFAULT NULL,
  `PREV_FIRE_TIME` decimal(13,0) DEFAULT NULL,
  `PRIORITY` decimal(13,0) DEFAULT NULL,
  `TRIGGER_STATE` varchar(16) COLLATE utf8_bin NOT NULL,
  `TRIGGER_TYPE` varchar(8) COLLATE utf8_bin NOT NULL,
  `START_TIME` decimal(13,0) NOT NULL,
  `END_TIME` decimal(13,0) DEFAULT NULL,
  `CALENDAR_NAME` varchar(200) COLLATE utf8_bin DEFAULT NULL,
  `MISFIRE_INSTR` decimal(2,0) DEFAULT NULL,
  `JOB_DATA` longblob,
  PRIMARY KEY (`SCHED_NAME`,`TRIGGER_NAME`,`TRIGGER_GROUP`),
  KEY `IDX_QRTZ_T_C` (`SCHED_NAME`,`CALENDAR_NAME`),
  KEY `IDX_QRTZ_T_G` (`SCHED_NAME`,`TRIGGER_GROUP`),
  KEY `IDX_QRTZ_T_J` (`SCHED_NAME`,`JOB_NAME`,`JOB_GROUP`),
  KEY `IDX_QRTZ_T_JG` (`SCHED_NAME`,`JOB_GROUP`),
  KEY `IDX_QRTZ_T_NEXT_FIRE_TIME` (`SCHED_NAME`,`NEXT_FIRE_TIME`),
  KEY `IDX_QRTZ_T_NFT_MISFIRE` (`SCHED_NAME`,`MISFIRE_INSTR`,`NEXT_FIRE_TIME`),
  KEY `IDX_QRTZ_T_NFT_ST` (`SCHED_NAME`,`TRIGGER_STATE`,`NEXT_FIRE_TIME`),
  KEY `IDX_QRTZ_T_NFT_ST_MISFIRE` (`SCHED_NAME`,`MISFIRE_INSTR`,`NEXT_FIRE_TIME`,`TRIGGER_STATE`),
  KEY `IDX_QRTZ_T_NFT_ST_MISFIRE_GRP` (`SCHED_NAME`,`MISFIRE_INSTR`,`NEXT_FIRE_TIME`,`TRIGGER_GROUP`,`TRIGGER_STATE`),
  KEY `IDX_QRTZ_T_N_G_STATE` (`SCHED_NAME`,`TRIGGER_GROUP`,`TRIGGER_STATE`),
  KEY `IDX_QRTZ_T_N_STATE` (`SCHED_NAME`,`TRIGGER_NAME`,`TRIGGER_GROUP`,`TRIGGER_STATE`),
  KEY `IDX_QRTZ_T_STATE` (`SCHED_NAME`,`TRIGGER_STATE`),
  CONSTRAINT `qrtz_triggers_ibfk_1` FOREIGN KEY (`SCHED_NAME`, `JOB_NAME`, `JOB_GROUP`) REFERENCES `qrtz_job_details` (`SCHED_NAME`, `JOB_NAME`, `JOB_GROUP`)
) ENGINE=InnoDB DEFAULT CHARSET=utf8 COLLATE=utf8_bin;

-- ----------------------------
-- Records of qrtz_triggers
-- ----------------------------
INSERT INTO `qrtz_triggers` VALUES ('BettemScheduler', 'TASK_08d9a6fa829b46b49ff5c5dc3a120475', 'DEFAULT', 'TASK_08d9a6fa829b46b49ff5c5dc3a120475', 'DEFAULT', null, '1563120060000', '1562688060000', '5', 'WAITING', 'CRON', '1559120226000', '0', null, '2', 0xACED0005737200156F72672E71756172747A2E4A6F62446174614D61709FB083E8BFA9B0CB020000787200266F72672E71756172747A2E7574696C732E537472696E674B65794469727479466C61674D61708208E8C3FBC55D280200015A0013616C6C6F77735472616E7369656E74446174617872001D6F72672E71756172747A2E7574696C732E4469727479466C61674D617013E62EAD28760ACE0200025A000564697274794C00036D617074000F4C6A6176612F7574696C2F4D61703B787001737200116A6176612E7574696C2E486173684D61700507DAC1C31660D103000246000A6C6F6164466163746F724900097468726573686F6C6478703F4000000000000C7708000000100000000174000D4A4F425F504152414D5F4B45597372002F636F6D2E62657474656D2E6D6F64756C65732E6A6F622E656E746974792E5363686564756C654A6F62456E7469747900000000000000010200084C00086265616E4E616D657400124C6A6176612F6C616E672F537472696E673B4C000A63726561746554696D657400104C6A6176612F7574696C2F446174653B4C000E63726F6E45787072657373696F6E71007E00094C00056A6F62496471007E00094C000A6D6574686F644E616D6571007E00094C0006706172616D7371007E00094C000672656D61726B71007E00094C00067374617475737400134C6A6176612F6C616E672F496E74656765723B787074001167726F756E64537562736964795461736B7372000E6A6176612E7574696C2E44617465686A81014B597419030000787077080000016B02CEA8737874000E302031203020312F31202A203F20740020303864396136666138323962343662343966663563356463336131323034373574001A757064617465546F776E53746174735075626C6963537461746570740021E5AE9AE697B6E4BBBBE58AA1E5A484E79086E4B9A1E99587E7BAA7E585ACE7A4BA737200116A6176612E6C616E672E496E746567657212E2A0A4F781873802000149000576616C7565787200106A6176612E6C616E672E4E756D62657286AC951D0B94E08B0200007870000000007800);
INSERT INTO `qrtz_triggers` VALUES ('BettemScheduler', 'TASK_84c5009d652b4007a7be7277413bd931', 'DEFAULT', 'TASK_84c5009d652b4007a7be7277413bd931', 'DEFAULT', null, '1563156900000', '-1', '5', 'WAITING', 'CRON', '1562924934000', '0', null, '2', 0xACED0005737200156F72672E71756172747A2E4A6F62446174614D61709FB083E8BFA9B0CB020000787200266F72672E71756172747A2E7574696C732E537472696E674B65794469727479466C61674D61708208E8C3FBC55D280200015A0013616C6C6F77735472616E7369656E74446174617872001D6F72672E71756172747A2E7574696C732E4469727479466C61674D617013E62EAD28760ACE0200025A000564697274794C00036D617074000F4C6A6176612F7574696C2F4D61703B787001737200116A6176612E7574696C2E486173684D61700507DAC1C31660D103000246000A6C6F6164466163746F724900097468726573686F6C6478703F4000000000000C7708000000100000000174000D4A4F425F504152414D5F4B45597372002F636F6D2E62657474656D2E6D6F64756C65732E6A6F622E656E746974792E5363686564756C654A6F62456E7469747900000000000000010200084C00086265616E4E616D657400124C6A6176612F6C616E672F537472696E673B4C000A63726561746554696D657400104C6A6176612F7574696C2F446174653B4C000E63726F6E45787072657373696F6E71007E00094C00056A6F62496471007E00094C000A6D6574686F644E616D6571007E00094C0006706172616D7371007E00094C000672656D61726B71007E00094C00067374617475737400134C6A6176612F6C616E672F496E74656765723B7870740008746573745461736B7372000E6A6176612E7574696C2E44617465686A81014B597419030000787077080000016BE595E52D7874000F30203135203130202A202A203F202A740020383463353030396436353262343030376137626537323737343133626439333174000574657374327070737200116A6176612E6C616E672E496E746567657212E2A0A4F781873802000149000576616C7565787200106A6176612E6C616E672E4E756D62657286AC951D0B94E08B0200007870000000007800);

-- ----------------------------
-- Table structure for schedule_job
-- ----------------------------
DROP TABLE IF EXISTS `schedule_job`;
CREATE TABLE `schedule_job` (
  `JOB_ID` varchar(32) COLLATE utf8_bin NOT NULL COMMENT '任务id',
  `BEAN_NAME` varchar(200) COLLATE utf8_bin DEFAULT NULL COMMENT 'bean名称',
  `METHOD_NAME` varchar(100) COLLATE utf8_bin DEFAULT NULL COMMENT '方法名称',
  `PARAMS` text COLLATE utf8_bin COMMENT '参数',
  `CRON_EXPRESSION` varchar(100) COLLATE utf8_bin DEFAULT NULL COMMENT '规则',
  `STATUS` decimal(2,0) NOT NULL COMMENT '状态',
  `REMARK` varchar(255) COLLATE utf8_bin DEFAULT NULL COMMENT '备注',
  `CREATE_TIME` datetime(6) DEFAULT NULL COMMENT '创建时间',
  PRIMARY KEY (`JOB_ID`)
) ENGINE=InnoDB DEFAULT CHARSET=utf8 COLLATE=utf8_bin COMMENT='定时任务表';

-- ----------------------------
-- Records of schedule_job
-- ----------------------------
INSERT INTO `schedule_job` VALUES ('84c5009d652b4007a7be7277413bd931', 'testTask', 'test2', null, '0 15 10 * * ? *', '0', null, '2019-07-12 09:48:54.445000');

-- ----------------------------
-- Table structure for schedule_job_log
-- ----------------------------
DROP TABLE IF EXISTS `schedule_job_log`;
CREATE TABLE `schedule_job_log` (
  `LOG_ID` varchar(32) COLLATE utf8_bin NOT NULL COMMENT '任务日志id',
  `JOB_ID` varchar(32) COLLATE utf8_bin NOT NULL COMMENT '任务id',
  `BEAN_NAME` varchar(200) COLLATE utf8_bin DEFAULT NULL COMMENT 'bean名称',
  `METHOD_NAME` varchar(100) COLLATE utf8_bin DEFAULT NULL COMMENT '方法名称',
  `PARAMS` text COLLATE utf8_bin COMMENT '参数',
  `STATUS` decimal(2,0) NOT NULL COMMENT '状态',
  `ERROR` text COLLATE utf8_bin COMMENT '错误信息',
  `TIMES` decimal(10,0) NOT NULL COMMENT '时长',
  `CREATE_TIME` datetime(6) DEFAULT NULL COMMENT '创建时间',
  PRIMARY KEY (`LOG_ID`),
  KEY `INDEX_JOB_ID` (`JOB_ID`)
) ENGINE=InnoDB DEFAULT CHARSET=utf8 COLLATE=utf8_bin COMMENT='定时任务日志表';

-- ----------------------------
-- Records of schedule_job_log
-- ----------------------------
INSERT INTO `schedule_job_log` VALUES ('0ec483cec3ec43b79c5eec68ea361006', '840bfe11ff2a4f96875572714d8098df', 'testTask', 'test2', null, '0', null, '2', '2019-07-12 08:48:38.598000');
INSERT INTO `schedule_job_log` VALUES ('20580f806fd0487e9146eee036ab0d49', '840bfe11ff2a4f96875572714d8098df', 'testTask', 'test2', null, '0', null, '3', '2019-07-12 08:34:49.759000');
INSERT INTO `schedule_job_log` VALUES ('2c0666c8604c445bb86297bd958c7487', '840bfe11ff2a4f96875572714d8098df', 'testTask', 'test2', null, '0', null, '1', '2019-07-12 08:44:02.701000');
INSERT INTO `schedule_job_log` VALUES ('5ff747253d934972a196f69afae63b64', '840bfe11ff2a4f96875572714d8098df', 'task', 'test2', null, '1', 0x6F72672E737072696E676672616D65776F726B2E6265616E732E666163746F72792E4E6F537563684265616E446566696E6974696F6E457863657074696F6E3A204E6F206265616E206E616D656420277461736B2720617661696C61626C65, '2', '2019-07-12 08:34:14.426000');
INSERT INTO `schedule_job_log` VALUES ('629531111cc44cc1aaa98867eb36e288', '84c5009d652b4007a7be7277413bd931', 'testTask', 'test2', null, '0', null, '5', '2019-07-12 09:49:15.073000');
INSERT INTO `schedule_job_log` VALUES ('62ff896228214496b486f1cd9cd3a2ac', '08d9a6fa829b46b49ff5c5dc3a120475', 'groundSubsidyTask', 'updateTownStatsPublicState', null, '1', 0x6F72672E737072696E676672616D65776F726B2E6265616E732E666163746F72792E4E6F537563684265616E446566696E6974696F6E457863657074696F6E3A204E6F206265616E206E616D6564202767726F756E64537562736964795461736B2720617661696C61626C65, '79', '2019-07-09 16:01:00.185000');
INSERT INTO `schedule_job_log` VALUES ('685861f7042246b8b258b4df8d64a452', '840bfe11ff2a4f96875572714d8098df', 'testTask', 'test2', null, '0', null, '2', '2019-07-12 08:35:26.581000');
INSERT INTO `schedule_job_log` VALUES ('8a7deed734d1419588ff05d758419ec1', '84c5009d652b4007a7be7277413bd931', 'testTask', 'test2', null, '0', null, '9', '2019-07-13 03:34:18.072000');
INSERT INTO `schedule_job_log` VALUES ('9a2f5341fffc4406be028bb90bf957d5', '840bfe11ff2a4f96875572714d8098df', 'testTask', 'test2', null, '0', null, '3', '2019-07-12 08:36:02.547000');
INSERT INTO `schedule_job_log` VALUES ('b223427695fa458d8a26001d6fb6ebae', '840bfe11ff2a4f96875572714d8098df', 'task', 'test2', null, '1', 0x6F72672E737072696E676672616D65776F726B2E6265616E732E666163746F72792E4E6F537563684265616E446566696E6974696F6E457863657074696F6E3A204E6F206265616E206E616D656420277461736B2720617661696C61626C65, '54', '2019-07-12 08:33:50.727000');
INSERT INTO `schedule_job_log` VALUES ('e05ce61e3fb5490a9598e9b04b3fe093', '840bfe11ff2a4f96875572714d8098df', 'testTask', 'test2', null, '0', null, '12', '2019-07-12 08:34:49.262000');

-- ----------------------------
-- Table structure for sys_dept
-- ----------------------------
DROP TABLE IF EXISTS `sys_dept`;
CREATE TABLE `sys_dept` (
  `DEPT_ID` varchar(32) COLLATE utf8_bin NOT NULL COMMENT '部门id',
  `PARENT_ID` varchar(32) COLLATE utf8_bin NOT NULL COMMENT '上级部门id',
  `NAME` varchar(50) COLLATE utf8_bin DEFAULT NULL COMMENT '部门名称',
  `ORDER_NUM` decimal(10,0) NOT NULL COMMENT '排序号',
  `DEL_FLAG` decimal(2,0) NOT NULL COMMENT '删除状态',
  `CODE` varchar(20) COLLATE utf8_bin DEFAULT NULL COMMENT '部门编号',
  `REGION_CODE` varchar(20) COLLATE utf8_bin DEFAULT NULL COMMENT '区域编码',
  PRIMARY KEY (`DEPT_ID`)
) ENGINE=InnoDB DEFAULT CHARSET=utf8 COLLATE=utf8_bin COMMENT='部门表';

-- ----------------------------
-- Records of sys_dept
-- ----------------------------
INSERT INTO `sys_dept` VALUES ('0b08a0567ece48028e8fcedca98d93a7', '0', '1', '1', '-1', '1', null);
INSERT INTO `sys_dept` VALUES ('0e60bc64818a42e9bd5a0023fd4bf244', '0', '1', '1', '-1', '1', null);
INSERT INTO `sys_dept` VALUES ('268bc376685e4f7bb82d183ba643ada4', '0', '1', '1', '-1', '1', null);
INSERT INTO `sys_dept` VALUES ('31e3d3119dc044cca8aa17f3ebbc8494', '0', '1', '1', '-1', '1', null);
INSERT INTO `sys_dept` VALUES ('390d89f22d3d4f4787c30c0abb45abbf', '0', '1', '1', '-1', '1', null);
INSERT INTO `sys_dept` VALUES ('3cb0cdec99f848db8b0fe52087fd0577', '0', '1', '1', '-1', '1', null);
INSERT INTO `sys_dept` VALUES ('40ef7489560f469c8dc2fd3e4af6e105', '0', '1', '1', '-1', '1', null);
INSERT INTO `sys_dept` VALUES ('4f2fa4dfffaa4f54b766255b57e76c68', '0', '1', '1', '-1', '1', null);
INSERT INTO `sys_dept` VALUES ('545b7ddb739f457e838a10ebd910c0b0', '0', '1', '1', '-1', '1', null);
INSERT INTO `sys_dept` VALUES ('5e3d9580b7554944941b6d64550dde37', 'cdb75d72ea3f40ca86c6603b6b82431c', '运城市', '3', '0', '1403', null);
INSERT INTO `sys_dept` VALUES ('5ef4a2feb3af49e294841f475f37b0ac', '0', '1', '1', '-1', '1', null);
INSERT INTO `sys_dept` VALUES ('5fb66ef0a0ef40a4abac7e84535a5fa0', '0', '1', '1', '-1', '1', null);
INSERT INTO `sys_dept` VALUES ('6d089a0752d549c2bfe1817214d0f6f5', '0', '1', '1', '-1', '1', null);
INSERT INTO `sys_dept` VALUES ('74cf67feb8834f6a8e6b22edaf483ebb', '0', '1', '1', '-1', '1', null);
INSERT INTO `sys_dept` VALUES ('7ab73b7f423f486f8f3c66b82f9c6c76', '0', '1', '1', '-1', '1', null);
INSERT INTO `sys_dept` VALUES ('859e295b0a474b4f91ef8407eccc05a9', '0', '1', '1', '-1', '1', null);
INSERT INTO `sys_dept` VALUES ('85aadacb3f51480dbecad8558fd87537', 'cdb75d72ea3f40ca86c6603b6b82431c', '太原市', '1', '0', '1401', null);
INSERT INTO `sys_dept` VALUES ('8f75811f036944ec9ee7b8f4c34ac2ca', '0', '1', '1', '-1', '1', null);
INSERT INTO `sys_dept` VALUES ('937bfb31ce844a2fa47da6b5e9a72d51', '0', '1', '1', '-1', '1', null);
INSERT INTO `sys_dept` VALUES ('a80cb3307a874031bce29a60a1c0ea49', '0', '1', '1', '-1', '1', null);
INSERT INTO `sys_dept` VALUES ('acc85f819ed94ea7b7e92c1a00d18cfc', '0', '1', '1', '-1', '1', null);
INSERT INTO `sys_dept` VALUES ('b0b1662f69754ad6a7a744b18ce4caec', '0', '1', '1', '-1', '1', null);
INSERT INTO `sys_dept` VALUES ('b9176f4ed31b479787713012c8bc30f1', '0', '1', '1', '-1', '1', null);
INSERT INTO `sys_dept` VALUES ('c9739b17517e4ad4ae1033c6a3b9ec0b', '0', '1', '1', '-1', '1', null);
INSERT INTO `sys_dept` VALUES ('cc13a047472949aaac4e4d2346c376a1', '0', '1', '1', '-1', '1', null);
INSERT INTO `sys_dept` VALUES ('cdb75d72ea3f40ca86c6603b6b82431c', '0', '山西省', '1', '0', '14', null);
INSERT INTO `sys_dept` VALUES ('cfc5cf3aa80a48139ec35392478d98b4', '0', '1', '1', '-1', '1', null);
INSERT INTO `sys_dept` VALUES ('d952691c970545eeb753440aed1ac4a9', '0', '1', '1', '-1', '1', null);
INSERT INTO `sys_dept` VALUES ('dbb7ce5223a94bb99069a7e9a6d29dcc', '0', '1', '1', '-1', '1', null);
INSERT INTO `sys_dept` VALUES ('e30be01a56fb486f9816a88d60825346', '0', '1', '1', '-1', '1', null);
INSERT INTO `sys_dept` VALUES ('e6355ae0ddf1472fb88cbca3188805fc', 'cdb75d72ea3f40ca86c6603b6b82431c', '晋中市', '2', '0', '1402', null);
INSERT INTO `sys_dept` VALUES ('f05435ffe0d146f394f15fc9371721d1', '0', '1', '1', '-1', '1', null);
INSERT INTO `sys_dept` VALUES ('f061b93e4bf34227915ac94bc5c3e74f', '0', '1', '1', '-1', '1', null);
INSERT INTO `sys_dept` VALUES ('f6a668ca29ac4cafaae743e7d3206094', 'cdb75d72ea3f40ca86c6603b6b82431c', '临汾市', '4', '0', '1404', null);

-- ----------------------------
-- Table structure for sys_enclosure
-- ----------------------------
DROP TABLE IF EXISTS `sys_enclosure`;
CREATE TABLE `sys_enclosure` (
  `ID` varchar(32) CHARACTER SET utf8 COLLATE utf8_general_ci NOT NULL COMMENT '主键',
  `FILE_NAME` varchar(100) CHARACTER SET utf8 COLLATE utf8_general_ci DEFAULT NULL COMMENT '文件名称',
  `FILE_SUFFIX` varchar(10) CHARACTER SET utf8 COLLATE utf8_general_ci DEFAULT NULL COMMENT '文件后缀',
  `FILE_SIZE` int(11) DEFAULT NULL,
  `FILE_PATH` varchar(200) CHARACTER SET utf8 COLLATE utf8_general_ci DEFAULT NULL COMMENT '文件路径',
  `UPLOAD_DATE` datetime DEFAULT NULL COMMENT '上传时间',
  `CREATE_DATE` datetime DEFAULT NULL COMMENT '创建时间',
  `CREATE_USER_ID` varchar(32) CHARACTER SET utf8 COLLATE utf8_general_ci DEFAULT NULL COMMENT '创建人',
  `MODIFY_DATE` datetime DEFAULT NULL COMMENT '修改时间',
  `MODIFY_USER_ID` varchar(32) CHARACTER SET utf8 COLLATE utf8_general_ci DEFAULT NULL COMMENT '修改人',
  `DELETE_STATE` varchar(1) CHARACTER SET utf8 COLLATE utf8_general_ci DEFAULT NULL COMMENT '删除状态，1为删除，0为未删除',
  `CODE` varchar(50) CHARACTER SET utf8 COLLATE utf8_general_ci DEFAULT NULL,
  `CONTENT_TYPE` varchar(100) CHARACTER SET utf8 COLLATE utf8_general_ci DEFAULT NULL,
  PRIMARY KEY (`ID`) USING BTREE
) ENGINE=InnoDB DEFAULT CHARSET=utf8 ROW_FORMAT=DYNAMIC;

-- ----------------------------
-- Records of sys_enclosure
-- ----------------------------

-- ----------------------------
-- Table structure for sys_log
-- ----------------------------
DROP TABLE IF EXISTS `sys_log`;
CREATE TABLE `sys_log` (
  `ID` varchar(32) COLLATE utf8_bin NOT NULL COMMENT '主键',
  `USERNAME` varchar(50) COLLATE utf8_bin DEFAULT NULL COMMENT '用户名称',
  `OPERATION` varchar(50) COLLATE utf8_bin DEFAULT NULL COMMENT '用户操作',
  `METHOD` varchar(200) COLLATE utf8_bin DEFAULT NULL COMMENT '方法',
  `PARAMS` longtext COLLATE utf8_bin COMMENT '参数',
  `TIME` decimal(20,0) NOT NULL COMMENT '时长',
  `IP` varchar(64) COLLATE utf8_bin DEFAULT NULL COMMENT 'IP地址',
  `CREATE_DATE` datetime(6) DEFAULT NULL COMMENT '创建时间',
  PRIMARY KEY (`ID`)
) ENGINE=InnoDB DEFAULT CHARSET=utf8 COLLATE=utf8_bin COMMENT='系统日志表';

-- ----------------------------
-- Records of sys_log
-- ----------------------------
INSERT INTO `sys_log` VALUES ('00844a47b50f432c8e8582c4fd66cb69', 'admin', '删除用户', 'com.bettem.modules.sys.controller.SysUserController.delete()', 0x5B6E756C6C5D, '3', null, '2019-07-11 12:59:54.437000');
INSERT INTO `sys_log` VALUES ('06b16126f08c42b29e6a0262f08220b5', 'admin', '修改角色', 'com.bettem.modules.sys.controller.SysRoleController.update()', 0x7B22726F6C654964223A223937326363353262346633313430306162303833353065383139393833303664222C22726F6C65436F6465223A223132222C22726F6C654E616D65223A2231222C226D656E7549644C697374223A5B5D7D, '91', null, '2019-07-11 05:16:59.532000');
INSERT INTO `sys_log` VALUES ('074fc3b7c6c14871b8d01baee70b6259', 'admin', '修改角色', 'com.bettem.modules.sys.controller.SysRoleController.update()', 0x7B22726F6C654964223A226463633933623761333537653465633739323065356239386330626438653237222C22726F6C65436F6465223A22677973222C22726F6C654E616D65223A22E4BE9BE5BA94E59586222C226D656E7549644C697374223A5B223135222C223138222C223136222C223137222C2232222C2231222C223331225D7D, '190', null, '2019-07-10 14:04:15.727000');
INSERT INTO `sys_log` VALUES ('07fbbd1cbc514f29b14cbe8f7c5b09c9', 'admin', '删除菜单', 'com.bettem.modules.sys.controller.SysMenuController.delete()', 0x6634323036326364306462353438346338616262623139303736316235326232, '138', null, '2019-07-09 15:57:32.955000');
INSERT INTO `sys_log` VALUES ('08fdc02dddb1471c8bf1ee2d76d7d780', 'admin', '删除菜单', 'com.bettem.modules.sys.controller.SysMenuController.delete()', 0x6238306262663136393763373431346162303664303730326461376235643664, '121', null, '2019-07-09 15:11:58.636000');
INSERT INTO `sys_log` VALUES ('09323b8ef1c04ae58a0985306ec7a5e7', 'admin', '删除角色', 'com.bettem.modules.sys.controller.SysRoleController.delete()', 0x5B223734396366633132653233643430336239626261376535353130326339633266225D, '142', null, '2019-07-10 14:38:31.033000');
INSERT INTO `sys_log` VALUES ('0a9efe5736af44e88792f7ac7adcbbae', 'admin', '修改角色', 'com.bettem.modules.sys.controller.SysRoleController.update()', 0x7B22726F6C654964223A226565383839343231626336383435306438343038393937313230643462653437222C22726F6C65436F6465223A22716473222C22726F6C654E616D65223A22E6B8A0E98193E59586222C226D656E7549644C697374223A5B2232225D7D, '128', null, '2019-07-10 14:09:13.972000');
INSERT INTO `sys_log` VALUES ('0bd36732d27942cf8c5fe16b13c3a59d', 'admin', '修改用户', 'com.bettem.modules.sys.controller.SysUserController.update()', 0x7B226D656E754C697374223A5B5D2C22726F6C6549644C697374223A5B7B22726F6C654964223A223766393765653937373935303431313562326533653930393435396433643937227D5D2C226E69636B4E616D65223A22E8B5B5E585AD222C22646570744964223A226364623735643732656133663430636138366336363033623662383234333163222C226D6F62696C65223A223133333333343435353636222C227065726D73536574223A5B5D2C22757365724964223A223430616438383436626339303466626562323334333633353537373665343637222C22656D61696C223A223138333335343631383136403133392E636F6D222C22737461747573223A302C22757365726E616D65223A2274657374227D, '157', null, '2019-07-11 12:58:39.136000');
INSERT INTO `sys_log` VALUES ('0c773ef9f9c14ae78a73a96b05aeef60', 'admin', '修改菜单', 'com.bettem.modules.sys.controller.SysMenuController.update()', 0x7B226E616D65223A22E69785E6B8B8222C226D656E754964223A223762393165633234303864343464643939396261316661613263353631333061222C226F726465724E756D223A322C2274797065223A2230222C22706172656E744964223A2230227D, '89', null, '2019-07-10 00:05:51.947000');
INSERT INTO `sys_log` VALUES ('0de79e0b41a54da89eaf0d80f137bc39', 'admin', '保存角色', 'com.bettem.modules.sys.controller.SysRoleController.save()', 0x7B2263726561746554696D65223A313536323736393530363234392C22726F6C654964223A223734396366633132653233643430336239626261376535353130326339633266222C22726F6C65436F6465223A223131222C22726F6C654E616D65223A223131222C226D656E7549644C697374223A5B2232222C223331225D7D, '149', null, '2019-07-10 14:38:26.399000');
INSERT INTO `sys_log` VALUES ('100e5e767d6844a892501309a54ec7a9', 'admin', '保存菜单', 'com.bettem.modules.sys.controller.SysMenuController.save()', 0x7B226E616D65223A22E69785E6B8B8E4BAA7E59381222C226D656E754964223A226238306262663136393763373431346162303664303730326461376235643664222C226F726465724E756D223A312C2274797065223A302C22706172656E744964223A2230227D, '131', null, '2019-07-09 15:11:28.854000');
INSERT INTO `sys_log` VALUES ('10290a1d35674382ad06ac316689c6c0', 'admin', '暂停定时任务', 'com.bettem.modules.job.controller.ScheduleJobController.pause()', 0x5B223834306266653131666632613466393638373535373237313464383039386466225D, '98', null, '2019-07-12 08:50:05.509000');
INSERT INTO `sys_log` VALUES ('1a22178deb004e8abebc140043ad0fbb', 'admin', '保存用户', 'com.bettem.modules.sys.controller.SysUserController.save()', 0x7B226D656E754C697374223A5B5D2C22726F6C6549644C697374223A5B7B22726F6C654964223A223766393765653937373935303431313562326533653930393435396433643937227D5D2C226E69636B4E616D65223A22E8B5B5E585AD222C22646570744964223A226364623735643732656133663430636138366336363033623662383234333163222C226D6F62696C65223A223133333333343435353636222C227065726D73536574223A5B5D2C22757365724964223A223430616438383436626339303466626562323334333633353537373665343637222C2263726561746554696D65223A313536323834393234303430372C22656D61696C223A223138333335343631383136403133392E636F6D222C22737461747573223A302C22757365726E616D65223A2274657374227D, '30153', null, '2019-07-11 12:47:20.792000');
INSERT INTO `sys_log` VALUES ('1a2b313e6cd544acbaf5669ed33d8f41', 'admin', '修改菜单', 'com.bettem.modules.sys.controller.SysMenuController.update()', 0x7B2270617468223A2231222C2269636F6E223A2231222C226E616D65223A2231222C226D656E754964223A223665613137623931343436373436363762613866326661336435613831646432222C226F726465724E756D223A312C227065726D73223A2231222C2274797065223A2230222C22706172656E744964223A2230227D, '104', null, '2019-07-11 09:51:58.773000');
INSERT INTO `sys_log` VALUES ('1b1f36aa5a2147b695a067d6f5462d80', 'admin', '修改角色', 'com.bettem.modules.sys.controller.SysRoleController.update()', 0x7B22726F6C654964223A226261313533353835303938623436386261626238613063666237633039666233222C22726F6C65436F6465223A22716473222C22726F6C654E616D65223A22E6B8A0E98193E59586222C226D656E7549644C697374223A5B2232225D7D, '447', null, '2019-07-11 03:51:38.101000');
INSERT INTO `sys_log` VALUES ('1b883c147c844bcbafa8136f1258a4d8', 'admin', '删除定时任务', 'com.bettem.modules.job.controller.ScheduleJobController.delete()', 0x5B223834306266653131666632613466393638373535373237313464383039386466225D, '197', null, '2019-07-12 08:50:22.289000');
INSERT INTO `sys_log` VALUES ('1c8d2cc776ec430ba4c70c0e68f73819', 'admin', '修改菜单', 'com.bettem.modules.sys.controller.SysMenuController.update()', 0x7B2270617468223A222F73797374656D222C2269636F6E223A2264617368626F617264222C226E616D65223A22E7B3BBE7BB9FE7AEA1E79086222C226D656E754964223A2231222C226F726465724E756D223A372C227065726D73223A2231222C2274797065223A2230222C22706172656E744964223A2230227D, '2', null, '2019-07-11 09:41:05.827000');
INSERT INTO `sys_log` VALUES ('23c753f667a54ff99defe70b9adf4059', 'admin', '保存角色', 'com.bettem.modules.sys.controller.SysRoleController.save()', 0x7B2263726561746554696D65223A313536323736343433343836392C22726F6C654964223A226663613735613464633837303439393538393630653432646364323039393264222C22726F6C65436F6465223A2233222C22726F6C654E616D65223A2233222C226D656E7549644C697374223A5B2231225D7D, '89', null, '2019-07-10 13:13:54.958000');
INSERT INTO `sys_log` VALUES ('25288673a2c94f04a0a20df88896a4fb', 'admin', '立即执行任务', 'com.bettem.modules.job.controller.ScheduleJobController.run()', 0x5B223834306266653131666632613466393638373535373237313464383039386466225D, '228', null, '2019-07-12 08:33:32.412000');
INSERT INTO `sys_log` VALUES ('2643c47992ba45d490a03b74f075fdb4', 'admin', '恢复定时任务', 'com.bettem.modules.job.controller.ScheduleJobController.resume()', 0x5B223834306266653131666632613466393638373535373237313464383039386466225D, '127', null, '2019-07-12 08:50:09.957000');
INSERT INTO `sys_log` VALUES ('268054f57c8f4aff8434a89c4743a9a3', 'admin', '修改菜单', 'com.bettem.modules.sys.controller.SysMenuController.update()', 0x7B226E616D65223A22E69785E6B8B8222C226D656E754964223A223762393165633234303864343464643939396261316661613263353631333061222C226F726465724E756D223A322C2274797065223A2230222C22706172656E744964223A2230227D, '3', null, '2019-07-10 00:12:47.891000');
INSERT INTO `sys_log` VALUES ('28bfda9a8d924dfd944b2cd907313bae', 'admin', '立即执行任务', 'com.bettem.modules.job.controller.ScheduleJobController.run()', 0x5B223834633530303964363532623430303761376265373237373431336264393331225D, '220', null, '2019-07-12 09:49:01.625000');
INSERT INTO `sys_log` VALUES ('28dd9729238e493b9c6185cf64ea9487', 'admin', '修改菜单', 'com.bettem.modules.sys.controller.SysMenuController.update()', 0x7B226E616D65223A22E69785E6B8B8222C226D656E754964223A223762393165633234303864343464643939396261316661613263353631333061222C226F726465724E756D223A322C2274797065223A2230222C22706172656E744964223A2230227D, '4', null, '2019-07-10 00:15:55.673000');
INSERT INTO `sys_log` VALUES ('2913e33e5f414301943996c5bd5b3c51', 'admin', '删除定时任务', 'com.bettem.modules.job.controller.ScheduleJobController.delete()', 0x5B226564643238653866356337623463636439353536396664346661336135356561225D, '353', null, '2019-07-12 08:16:21.690000');
INSERT INTO `sys_log` VALUES ('2c4439a634884d2ca55f6d7ce67a4f78', 'admin', '修改菜单', 'com.bettem.modules.sys.controller.SysMenuController.update()', 0x7B226E616D65223A22E69785E6B8B8222C226D656E754964223A223762393165633234303864343464643939396261316661613263353631333061222C226F726465724E756D223A312C2274797065223A2230222C22706172656E744964223A2230227D, '6', null, '2019-07-09 16:03:05.394000');
INSERT INTO `sys_log` VALUES ('2cad8c89373e41e5a3c2b2b837f2f88b', 'admin', '保存角色', 'com.bettem.modules.sys.controller.SysRoleController.save()', 0x7B2263726561746554696D65223A313536323736373635313537392C22726F6C654964223A226565383839343231626336383435306438343038393937313230643462653437222C22726F6C65436F6465223A22677973222C22726F6C654E616D65223A22E4BE9BE5BA94E59586222C226D656E7549644C697374223A5B2231225D7D, '133', null, '2019-07-10 14:07:31.712000');
INSERT INTO `sys_log` VALUES ('2e4c1440bba84e55a183444c8b8bd94d', 'admin', '修改菜单', 'com.bettem.modules.sys.controller.SysMenuController.update()', 0x7B2270617468223A222F73797374656D222C2269636F6E223A2264617368626F617264222C226E616D65223A22E7B3BBE7BB9FE7AEA1E79086222C226D656E754964223A2231222C226F726465724E756D223A372C227065726D73223A22222C2274797065223A2230222C22706172656E744964223A2230227D, '3', null, '2019-07-12 06:16:54.388000');
INSERT INTO `sys_log` VALUES ('2f7f1694cac544fba1623dffa73c91db', 'admin', '删除菜单', 'com.bettem.modules.sys.controller.SysMenuController.delete()', 0x3665613137623931343436373436363762613866326661336435613831646432, '160', null, '2019-07-11 09:59:04.626000');
INSERT INTO `sys_log` VALUES ('2f858698b0244f41a8ab8b375603e86d', 'admin', '保存菜单', 'com.bettem.modules.sys.controller.SysMenuController.save()', 0x7B226E616D65223A2231222C226D656E754964223A223665613137623931343436373436363762613866326661336435613831646432222C226F726465724E756D223A312C2274797065223A2230222C22706172656E744964223A2230227D, '121', null, '2019-07-11 09:43:09.480000');
INSERT INTO `sys_log` VALUES ('302e6759585d4cebad6154bb156aa571', 'admin', '删除定时任务', 'com.bettem.modules.job.controller.ScheduleJobController.delete()', 0x5B6E756C6C5D, '5', null, '2019-07-12 08:14:22.511000');
INSERT INTO `sys_log` VALUES ('31dbb11dae174959b4b74fdda93b8e97', 'admin', '修改角色', 'com.bettem.modules.sys.controller.SysRoleController.update()', 0x7B22726F6C654964223A226565383839343231626336383435306438343038393937313230643462653437222C22726F6C65436F6465223A22677973222C22726F6C654E616D65223A22E4BE9BE5BA94E59586222C226D656E7549644C697374223A5B2231222C2232222C223331225D7D, '223', null, '2019-07-10 14:13:54.324000');
INSERT INTO `sys_log` VALUES ('32703a2f830c41f9a9c305acf6f44f4a', 'admin', '保存角色', 'com.bettem.modules.sys.controller.SysRoleController.save()', 0x7B2263726561746554696D65223A313536323736393431303237302C22726F6C654964223A226432396361636561663931363464666539646139623138656361393366396665222C22726F6C65436F6465223A223131222C22726F6C654E616D65223A223131222C226D656E7549644C697374223A5B5D7D, '382', null, '2019-07-10 14:36:50.582000');
INSERT INTO `sys_log` VALUES ('3391da0c152e45b6b560fc48daa238de', 'admin', '修改用户', 'com.bettem.modules.sys.controller.SysUserController.update()', 0x7B226D656E754C697374223A5B5D2C22726F6C6549644C697374223A5B7B22726F6C654964223A223766393765653937373935303431313562326533653930393435396433643937227D2C7B22726F6C654964223A223239383937613934663763373466316561326630376662333737363265303833227D5D2C226E69636B4E616D65223A22E8B5B5E585AD222C22646570744964223A223835616164616362336635313438306462656361643835353866643837353337222C226D6F62696C65223A223133333333343435353636222C227065726D73536574223A5B5D2C22757365724964223A223764316666363364323532393463666461623461376330373336336566383562222C22656D61696C223A223132333435364071712E636F6D222C22737461747573223A223031222C22757365726E616D65223A2274657374227D, '195', null, '2019-07-12 05:27:26.880000');
INSERT INTO `sys_log` VALUES ('37484fd1f98049f4b9ccda368ce0b38f', 'admin', '立即执行任务', 'com.bettem.modules.job.controller.ScheduleJobController.run()', 0x5B223834306266653131666632613466393638373535373237313464383039386466225D, '151', null, '2019-07-12 08:50:13.246000');
INSERT INTO `sys_log` VALUES ('3844b679a0b042d986732a2fd0ca530b', 'admin', '保存角色', 'com.bettem.modules.sys.controller.SysRoleController.save()', 0x7B2263726561746554696D65223A313536323736343634313935342C22726F6C654964223A226463633933623761333537653465633739323065356239386330626438653237222C22726F6C65436F6465223A22677973222C22726F6C654E616D65223A22E4BE9BE5BA94E59586222C226D656E7549644C697374223A5B223138222C223137222C223136222C223135222C2232222C2231225D7D, '165', null, '2019-07-10 13:17:22.119000');
INSERT INTO `sys_log` VALUES ('394e445f9c1647feb44b3ec81092984a', 'admin', '保存菜单', 'com.bettem.modules.sys.controller.SysMenuController.save()', 0x7B226E616D65223A22E69785E6B8B8E4BAA7E59381222C226D656E754964223A223535313635353066323932633438373239616235316336323131323730393030222C226F726465724E756D223A312C2274797065223A302C22706172656E744964223A2230227D, '608', null, '2019-07-09 15:03:01.225000');
INSERT INTO `sys_log` VALUES ('39dc9680ca8d4e70852a02f97704d9c5', 'admin', '修改菜单', 'com.bettem.modules.sys.controller.SysMenuController.update()', 0x7B226E616D65223A22E69785E6B8B8222C226D656E754964223A223762393165633234303864343464643939396261316661613263353631333061222C226F726465724E756D223A312C2274797065223A2230222C22706172656E744964223A2230227D, '102', null, '2019-07-09 23:53:25.413000');
INSERT INTO `sys_log` VALUES ('3be223cf143a46009f4df1e0b2a1ac25', 'admin', '修改菜单', 'com.bettem.modules.sys.controller.SysMenuController.update()', 0x7B226E616D65223A22E69785E6B8B8222C226D656E754964223A223762393165633234303864343464643939396261316661613263353631333061222C226F726465724E756D223A322C2274797065223A2230222C22706172656E744964223A2230227D, '6', null, '2019-07-10 00:11:47.446000');
INSERT INTO `sys_log` VALUES ('3d3e972d5d09450c951164e54a9e12a4', 'admin', '保存角色', 'com.bettem.modules.sys.controller.SysRoleController.save()', 0x7B2263726561746554696D65223A313536323832313932343933302C22726F6C654964223A223937326363353262346633313430306162303833353065383139393833303664222C22726F6C65436F6465223A2231222C22726F6C654E616D65223A2231222C226D656E7549644C697374223A5B5D7D, '114', null, '2019-07-11 05:12:05.043000');
INSERT INTO `sys_log` VALUES ('3e1a1c7b015c42faab955ca81c442a6f', 'admin', '修改菜单', 'com.bettem.modules.sys.controller.SysMenuController.update()', 0x7B2270617468223A222F73797374656D222C2269636F6E223A2264617368626F617264222C226E616D65223A22E7B3BBE7BB9FE7AEA1E79086222C226D656E754964223A2231222C226F726465724E756D223A372C227065726D73223A2231222C2274797065223A2230222C22706172656E744964223A2230227D, '3', null, '2019-07-11 09:41:08.596000');
INSERT INTO `sys_log` VALUES ('3ee44e221bee4e04824d0cff5e219304', 'admin', '保存角色', 'com.bettem.modules.sys.controller.SysRoleController.save()', 0x7B2263726561746554696D65223A313536323736343238363030372C22726F6C654964223A223864326431303366393363353437633061376265376566316238646231393764222C22726F6C654E616D65223A2231222C2272656D61726B223A2231222C226D656E7549644C697374223A5B223138222C223137222C223136222C223135222C2232222C2231225D7D, '311', null, '2019-07-10 13:11:26.309000');
INSERT INTO `sys_log` VALUES ('40f38a02db4742aaa70cc65e69c9cec4', 'admin', '删除定时任务', 'com.bettem.modules.job.controller.ScheduleJobController.delete()', 0x5B226532646437383665333837323433303838626536373436646266336132343030225D, '537', null, '2019-07-12 07:39:51.220000');
INSERT INTO `sys_log` VALUES ('424cb0b37ea84ddcae2003656413e279', 'admin', '修改菜单', 'com.bettem.modules.sys.controller.SysMenuController.update()', 0x7B226E616D65223A22E69785E6B8B8222C226D656E754964223A223762393165633234303864343464643939396261316661613263353631333061222C226F726465724E756D223A322C2274797065223A2230222C22706172656E744964223A2230227D, '5', null, '2019-07-10 00:16:03.385000');
INSERT INTO `sys_log` VALUES ('4566c1f74d754aa894c8d6fc5da6fb08', 'admin', '立即执行任务', 'com.bettem.modules.job.controller.ScheduleJobController.run()', 0x5B223834306266653131666632613466393638373535373237313464383039386466225D, '254', null, '2019-07-12 08:35:03.191000');
INSERT INTO `sys_log` VALUES ('473a599ea3d84f07aaabc94ee3416090', 'admin', '保存菜单', 'com.bettem.modules.sys.controller.SysMenuController.save()', 0x7B226E616D65223A22E69785E6B8B8222C226D656E754964223A223762393165633234303864343464643939396261316661613263353631333061222C226F726465724E756D223A312C2274797065223A2230222C22706172656E744964223A2230227D, '95', null, '2019-07-09 15:59:35.285000');
INSERT INTO `sys_log` VALUES ('4788e0807a6947c28902786b69231f5b', 'admin', '修改菜单', 'com.bettem.modules.sys.controller.SysMenuController.update()', 0x7B226E616D65223A22E69785E6B8B8222C226D656E754964223A223762393165633234303864343464643939396261316661613263353631333061222C226F726465724E756D223A322C2274797065223A2230222C22706172656E744964223A2230227D, '3', null, '2019-07-10 00:24:20.392000');
INSERT INTO `sys_log` VALUES ('486b9d1152f34f0c8148bae157f3ed00', 'admin', '修改菜单', 'com.bettem.modules.sys.controller.SysMenuController.update()', 0x7B2270617468223A2231222C2269636F6E223A2231222C226E616D65223A2231222C226D656E754964223A223665613137623931343436373436363762613866326661336435613831646432222C226F726465724E756D223A312C227065726D73223A2231222C2274797065223A2230222C22706172656E744964223A2230227D, '2', null, '2019-07-11 09:57:13.274000');
INSERT INTO `sys_log` VALUES ('4936bcebcb0445deabe78fd270833dbc', 'admin', '修改角色', 'com.bettem.modules.sys.controller.SysRoleController.update()', 0x7B22726F6C654964223A226238363935336634666262643437333238336338346266663266363231626366222C22726F6C65436F6465223A22716473222C22726F6C654E616D65223A22E6B8A0E98193E59586222C226D656E7549644C697374223A5B2231222C2232225D7D, '98', null, '2019-07-10 14:14:34.060000');
INSERT INTO `sys_log` VALUES ('4b23a16539e042fe9fea90009d870026', 'admin', '修改角色', 'com.bettem.modules.sys.controller.SysRoleController.update()', 0x7B22726F6C654964223A223937326363353262346633313430306162303833353065383139393833303664222C22726F6C65436F6465223A2231222C22726F6C654E616D65223A2231222C226D656E7549644C697374223A5B5D7D, '6', null, '2019-07-11 05:16:53.400000');
INSERT INTO `sys_log` VALUES ('4bc16b2146004fb6a8af74663c970e00', 'admin', '修改菜单', 'com.bettem.modules.sys.controller.SysMenuController.update()', 0x7B2270617468223A222F73797374656D222C2269636F6E223A2264617368626F617264222C226E616D65223A22E7B3BBE7BB9FE7AEA1E79086222C226D656E754964223A2231222C226F726465724E756D223A372C2274797065223A2230222C22706172656E744964223A2230227D, '4', null, '2019-07-11 06:16:54.983000');
INSERT INTO `sys_log` VALUES ('4c0dbf73524a4441a430db89af803863', 'admin', '保存定时任务', 'com.bettem.modules.job.controller.ScheduleJobController.save()', 0x7B2263726F6E45787072657373696F6E223A2230203135203130202A202A203F202A222C226A6F624964223A226564643238653866356337623463636439353536396664346661336135356561222C2263726561746554696D65223A313536323931393235323138342C226D6574686F644E616D65223A227465737432222C226265616E4E616D65223A227461736B222C22737461747573223A307D, '7884', null, '2019-07-12 08:14:12.568000');
INSERT INTO `sys_log` VALUES ('4f00333e216743e1b65b3e7e2a7e551d', 'admin', '修改菜单', 'com.bettem.modules.sys.controller.SysMenuController.update()', 0x7B226E616D65223A22E69785E6B8B8222C226D656E754964223A223762393165633234303864343464643939396261316661613263353631333061222C226F726465724E756D223A322C2274797065223A2230222C22706172656E744964223A2230227D, '4', null, '2019-07-10 00:17:05.513000');
INSERT INTO `sys_log` VALUES ('4f36bb06c41f4130860f89eff215a2f6', 'admin', '恢复定时任务', 'com.bettem.modules.job.controller.ScheduleJobController.resume()', 0x5B223834306266653131666632613466393638373535373237313464383039386466225D, '292', null, '2019-07-12 08:48:11.373000');
INSERT INTO `sys_log` VALUES ('5385d53c35a94aa08f88af31a0216a2d', 'admin', '删除角色', 'com.bettem.modules.sys.controller.SysRoleController.delete()', 0x5B226261313533353835303938623436386261626238613063666237633039666233222C226565383839343231626336383435306438343038393937313230643462653437225D, '350', null, '2019-07-11 06:02:51.027000');
INSERT INTO `sys_log` VALUES ('53f4d98299664ff8890c00d189bf2a4a', 'admin', '修改菜单', 'com.bettem.modules.sys.controller.SysMenuController.update()', 0x7B2270617468223A2231222C2269636F6E223A2231222C226E616D65223A2231222C226D656E754964223A223665613137623931343436373436363762613866326661336435613831646432222C226F726465724E756D223A312C227065726D73223A2231222C2274797065223A2230222C22706172656E744964223A2230227D, '3', null, '2019-07-11 09:56:25.351000');
INSERT INTO `sys_log` VALUES ('552f0a88d1c048b78db0b9d796298725', 'admin', '修改菜单', 'com.bettem.modules.sys.controller.SysMenuController.update()', 0x7B2270617468223A2231222C2269636F6E223A2231222C226E616D65223A2231222C226D656E754964223A223665613137623931343436373436363762613866326661336435613831646432222C226F726465724E756D223A312C2274797065223A2230222C22706172656E744964223A2230227D, '108', null, '2019-07-11 09:45:29.422000');
INSERT INTO `sys_log` VALUES ('573a57010c614620a7aa74c1da7feb8f', 'admin', '删除菜单', 'com.bettem.modules.sys.controller.SysMenuController.delete()', 0x3735363934653030613066303461636262313863633462373239613534376439, '140', null, '2019-07-11 06:14:35.977000');
INSERT INTO `sys_log` VALUES ('58581d33c8cf4e62812199353302c14f', 'admin', '立即执行任务', 'com.bettem.modules.job.controller.ScheduleJobController.run()', 0x5B223834306266653131666632613466393638373535373237313464383039386466225D, '261', null, '2019-07-12 08:43:39.298000');
INSERT INTO `sys_log` VALUES ('5b7a84442ea54e19beea1ce09f22f1b7', 'admin', '立即执行任务', 'com.bettem.modules.job.controller.ScheduleJobController.run()', 0x5B223834306266653131666632613466393638373535373237313464383039386466225D, '395', null, '2019-07-12 08:48:17.962000');
INSERT INTO `sys_log` VALUES ('5bdd46d78eaa4611878fc10418d70818', 'admin', '修改菜单', 'com.bettem.modules.sys.controller.SysMenuController.update()', 0x7B226E616D65223A22E69785E6B8B8222C226D656E754964223A223762393165633234303864343464643939396261316661613263353631333061222C226F726465724E756D223A322C2274797065223A2230222C22706172656E744964223A2230227D, '4', null, '2019-07-10 00:15:15.664000');
INSERT INTO `sys_log` VALUES ('5c83412a24e54967bfaf3b62b1da9378', 'admin', '暂停定时任务', 'com.bettem.modules.job.controller.ScheduleJobController.pause()', 0x5B223834306266653131666632613466393638373535373237313464383039386466225D, '174', null, '2019-07-12 08:39:13.924000');
INSERT INTO `sys_log` VALUES ('5d28e4a62e0549018a72ed501106e5c7', 'admin', '保存角色', 'com.bettem.modules.sys.controller.SysRoleController.save()', 0x7B2263726561746554696D65223A313536323736343339363832342C22726F6C654964223A226631616135366461393539353431623638323632373738323932653965623231222C22726F6C65436F6465223A2232222C22726F6C654E616D65223A2232222C226D656E7549644C697374223A5B2232222C223331222C2231225D7D, '98', null, '2019-07-10 13:13:16.922000');
INSERT INTO `sys_log` VALUES ('5f72ea10ff3044869968fbaf659d21a6', 'admin', '修改用户', 'com.bettem.modules.sys.controller.SysUserController.update()', 0x7B226D656E754C697374223A5B5D2C22726F6C6549644C697374223A5B7B22726F6C654964223A223766393765653937373935303431313562326533653930393435396433643937227D5D2C226E69636B4E616D65223A22E8B5B5E585AD222C22646570744964223A226364623735643732656133663430636138366336363033623662383234333163222C226D6F62696C65223A22313333333334343535363631313131222C227065726D73536574223A5B5D2C22757365724964223A223430616438383436626339303466626562323334333633353537373665343637222C22656D61696C223A223138333335343631383136403133392E636F6D222C22737461747573223A302C22757365726E616D65223A2274657374227D, '100', null, '2019-07-11 12:58:51.716000');
INSERT INTO `sys_log` VALUES ('600a26ba61e549acaa439ee50b868114', 'admin', '修改角色', 'com.bettem.modules.sys.controller.SysRoleController.update()', 0x7B22726F6C654964223A226238363935336634666262643437333238336338346266663266363231626366222C22726F6C65436F6465223A22716473222C22726F6C654E616D65223A22E6B8A0E98193E5958631222C226D656E7549644C697374223A5B2232222C2231225D7D, '132', null, '2019-07-10 14:14:28.449000');
INSERT INTO `sys_log` VALUES ('626c2af25a804903a1c2695973e29805', 'admin', '修改菜单', 'com.bettem.modules.sys.controller.SysMenuController.update()', 0x7B226E616D65223A22E69785E6B8B8222C226D656E754964223A223762393165633234303864343464643939396261316661613263353631333061222C226F726465724E756D223A322C2274797065223A2230222C22706172656E744964223A2230227D, '4', null, '2019-07-10 00:17:07.778000');
INSERT INTO `sys_log` VALUES ('64dd84523d3843acb201f76ad760dadb', 'admin', '修改菜单', 'com.bettem.modules.sys.controller.SysMenuController.update()', 0x7B2270617468223A222F73797374656D222C2269636F6E223A2264617368626F617264222C226E616D65223A22E7B3BBE7BB9FE7AEA1E79086222C226D656E754964223A2231222C226F726465724E756D223A372C227065726D73223A2231222C2274797065223A2230222C22706172656E744964223A2230227D, '4', null, '2019-07-11 09:41:11.300000');
INSERT INTO `sys_log` VALUES ('652cf01716404c1586d9df031bcf9a1c', 'admin', '删除定时任务', 'com.bettem.modules.job.controller.ScheduleJobController.delete()', 0x5B6E756C6C5D, '57', null, '2019-07-12 07:35:34.635000');
INSERT INTO `sys_log` VALUES ('65bd10e64be549819cabae605bd4abd7', 'admin', '删除角色', 'com.bettem.modules.sys.controller.SysRoleController.delete()', 0x5B226463633933623761333537653465633739323065356239386330626438653237225D, '174', null, '2019-07-10 14:04:27.272000');
INSERT INTO `sys_log` VALUES ('6637f69960f4467dad54abb7e079210f', 'admin', '删除定时任务', 'com.bettem.modules.job.controller.ScheduleJobController.delete()', 0x5B6E756C6C5D, '4', null, '2019-07-12 07:35:53.398000');
INSERT INTO `sys_log` VALUES ('68314683eab1445a95ebf86f04bb4f2d', 'admin', '保存角色', 'com.bettem.modules.sys.controller.SysRoleController.save()', 0x7B2263726561746554696D65223A313536323930343237353139302C22726F6C654964223A223239383937613934663763373466316561326630376662333737363265303833222C22726F6C65436F6465223A22716473222C22726F6C654E616D65223A22E6B8A0E98193E59586222C226D656E7549644C697374223A5B223135222C223136222C223137222C223138222C2232222C2231225D7D, '403', null, '2019-07-12 04:04:35.528000');
INSERT INTO `sys_log` VALUES ('69748c362b7d4cdabcf2394fe1fa3d61', 'admin', '修改菜单', 'com.bettem.modules.sys.controller.SysMenuController.update()', 0x7B2270617468223A222F73797374656D222C2269636F6E223A2264617368626F617264222C226E616D65223A22E7B3BBE7BB9FE7AEA1E79086222C226D656E754964223A2231222C226F726465724E756D223A372C227065726D73223A2231222C2274797065223A2230222C22706172656E744964223A2230227D, '3', null, '2019-07-11 09:41:07.496000');
INSERT INTO `sys_log` VALUES ('6c374c7c2e2346948a10aea6fc894161', 'admin', '修改角色', 'com.bettem.modules.sys.controller.SysRoleController.update()', 0x7B22726F6C654964223A223766393765653937373935303431313562326533653930393435396433643937222C22726F6C65436F6465223A22677973222C22726F6C654E616D65223A22E4BE9BE5BA94E59586222C226D656E7549644C697374223A5B223135222C223138222C223136222C2231222C2232222C223137225D7D, '239', null, '2019-07-11 09:53:08.738000');
INSERT INTO `sys_log` VALUES ('6d660c27789a4df5b6362d9d54efc1f0', 'admin', '修改菜单', 'com.bettem.modules.sys.controller.SysMenuController.update()', 0x7B2270617468223A222F73797374656D222C2269636F6E223A2264617368626F617264222C226E616D65223A22E7B3BBE7BB9FE7AEA1E79086222C226D656E754964223A2231222C226F726465724E756D223A372C227065726D73223A22222C2274797065223A2230222C22706172656E744964223A2230227D, '74', null, '2019-07-12 06:16:46.531000');
INSERT INTO `sys_log` VALUES ('70c006de92714bf089df7b152ae747d0', 'admin', '立即执行任务', 'com.bettem.modules.job.controller.ScheduleJobController.run()', 0x5B223834306266653131666632613466393638373535373237313464383039386466225D, '129', null, '2019-07-12 08:35:42.092000');
INSERT INTO `sys_log` VALUES ('751378ca61cb4c7a911f89b6d4fbeb27', 'admin', '删除菜单', 'com.bettem.modules.sys.controller.SysMenuController.delete()', 0x3762393165633234303864343464643939396261316661613263353631333061, '276', null, '2019-07-10 09:12:45.973000');
INSERT INTO `sys_log` VALUES ('754ad8badac3423883ce28b0333ca1a5', 'admin', '删除菜单', 'com.bettem.modules.sys.controller.SysMenuController.delete()', 0x3535313635353066323932633438373239616235316336323131323730393030, '146', null, '2019-07-09 15:10:24.994000');
INSERT INTO `sys_log` VALUES ('76551e9481984e03af4dee9b55c57dff', 'admin', '保存角色', 'com.bettem.modules.sys.controller.SysRoleController.save()', 0x7B2263726561746554696D65223A313536323736343434343231342C22726F6C654964223A223333356164373436633563323461366439323863616361613836353832336163222C22726F6C65436F6465223A2234222C22726F6C654E616D65223A2234222C2272656D61726B223A2234222C226D656E7549644C697374223A5B2231225D7D, '90', null, '2019-07-10 13:14:04.305000');
INSERT INTO `sys_log` VALUES ('7b4da382f136491c891622c286ae3e51', 'admin', '修改菜单', 'com.bettem.modules.sys.controller.SysMenuController.update()', 0x7B2270617468223A222F73797374656D222C2269636F6E223A2264617368626F617264222C226E616D65223A22E7B3BBE7BB9FE7AEA1E79086222C226D656E754964223A2231222C226F726465724E756D223A372C227065726D73223A2231222C2274797065223A2230222C22706172656E744964223A2230227D, '3', null, '2019-07-11 09:41:03.215000');
INSERT INTO `sys_log` VALUES ('7bb2ae17236945dcacc59e97d1dfa7de', 'admin', '立即执行任务', 'com.bettem.modules.job.controller.ScheduleJobController.run()', 0x5B223834633530303964363532623430303761376265373237373431336264393331225D, '105', null, '2019-07-13 03:34:04.962000');
INSERT INTO `sys_log` VALUES ('7c848b273e264f7497037ed2d5161242', 'admin', '修改菜单', 'com.bettem.modules.sys.controller.SysMenuController.update()', 0x7B226E616D65223A22E69785E6B8B8222C226D656E754964223A223762393165633234303864343464643939396261316661613263353631333061222C226F726465724E756D223A312C2274797065223A2230222C22706172656E744964223A2230227D, '111', null, '2019-07-09 23:57:34.475000');
INSERT INTO `sys_log` VALUES ('7ce46dece7dc432d9023792984962b2d', 'admin', '保存定时任务', 'com.bettem.modules.job.controller.ScheduleJobController.save()', 0x7B2263726F6E45787072657373696F6E223A2230203135203130202A202A203F202A222C226A6F624964223A226532646437383665333837323433303838626536373436646266336132343030222C2263726561746554696D65223A313536323931363431393430382C226D6574686F644E616D65223A227465737432222C226265616E4E616D65223A22746573745461736B222C2272656D61726B223A22E6B58BE8AF95E5AE9AE697B6E4BBBBE58AA1222C22737461747573223A307D, '827', null, '2019-07-12 07:27:00.224000');
INSERT INTO `sys_log` VALUES ('8108b2b7ce244a0abc99aacb145079bd', 'admin', '暂停定时任务', 'com.bettem.modules.job.controller.ScheduleJobController.pause()', 0x5B223834306266653131666632613466393638373535373237313464383039386466225D, '7', null, '2019-07-12 08:42:57.762000');
INSERT INTO `sys_log` VALUES ('8371a3aeaa8e48d3a3d13f374d925920', 'admin', '保存角色', 'com.bettem.modules.sys.controller.SysRoleController.save()', 0x7B2263726561746554696D65223A313536323832343939333939352C22726F6C654964223A223965376232623361646237353439643762616535366362396362613162656662222C22726F6C65436F6465223A22677973222C22726F6C654E616D65223A22E4BE9BE5BA94E59586222C226D656E7549644C697374223A5B223135222C223136222C223137222C223138222C2232225D7D, '132', null, '2019-07-11 06:03:14.127000');
INSERT INTO `sys_log` VALUES ('857ab565bf9b49f48a4421ff7bfb5f33', 'admin', '立即执行任务', 'com.bettem.modules.job.controller.ScheduleJobController.run()', 0x5B223834306266653131666632613466393638373535373237313464383039386466225D, '80', null, '2019-07-12 08:34:48.913000');
INSERT INTO `sys_log` VALUES ('879679afba3849edaa78668839dd9e14', 'admin', '删除角色', 'com.bettem.modules.sys.controller.SysRoleController.delete()', 0x5B223965376232623361646237353439643762616535366362396362613162656662225D, '103', null, '2019-07-11 06:03:19.785000');
INSERT INTO `sys_log` VALUES ('8915a086b9b0435984fcadad61e0a909', 'admin', '修改菜单', 'com.bettem.modules.sys.controller.SysMenuController.update()', 0x7B226E616D65223A22E69785E6B8B8222C226D656E754964223A223762393165633234303864343464643939396261316661613263353631333061222C226F726465724E756D223A322C2274797065223A2230222C22706172656E744964223A2230227D, '3', null, '2019-07-10 00:15:10.764000');
INSERT INTO `sys_log` VALUES ('8cbc7464b77f4252ad4daa88434e7d08', 'admin', '修改菜单', 'com.bettem.modules.sys.controller.SysMenuController.update()', 0x7B226E616D65223A22E69785E6B8B8222C226D656E754964223A223762393165633234303864343464643939396261316661613263353631333061222C226F726465724E756D223A322C2274797065223A2230222C22706172656E744964223A2230227D, '4', null, '2019-07-10 00:17:04.248000');
INSERT INTO `sys_log` VALUES ('8cc5c8d9a2af4807ace4012c94241ff9', 'admin', '修改菜单', 'com.bettem.modules.sys.controller.SysMenuController.update()', 0x7B2270617468223A222F73797374656D222C2269636F6E223A2264617368626F617264222C226E616D65223A22E7B3BBE7BB9FE7AEA1E79086222C226D656E754964223A2231222C226F726465724E756D223A372C227065726D73223A2231222C2274797065223A2230222C22706172656E744964223A2230227D, '172', null, '2019-07-11 09:39:09.206000');
INSERT INTO `sys_log` VALUES ('8fdf9007693a4e67b7fd05295ec69659', 'admin', '修改用户', 'com.bettem.modules.sys.controller.SysUserController.update()', 0x7B226D656E754C697374223A5B5D2C22726F6C6549644C697374223A5B7B22726F6C654964223A223239383937613934663763373466316561326630376662333737363265303833227D5D2C226E69636B4E616D65223A22E8B5B5E585AD222C22646570744964223A223835616164616362336635313438306462656361643835353866643837353337222C226D6F62696C65223A223133333333343435353636222C227065726D73536574223A5B5D2C22757365724964223A223764316666363364323532393463666461623461376330373336336566383562222C22656D61696C223A223132333435364071712E636F6D222C22737461747573223A223031222C22757365726E616D65223A2274657374227D, '142', '183.203.28.31', '2019-07-12 05:28:45.415000');
INSERT INTO `sys_log` VALUES ('9376e3a92fdb4ffab9d46c41d5c244be', 'admin', '修改定时任务', 'com.bettem.modules.job.controller.ScheduleJobController.update()', 0x7B2263726F6E45787072657373696F6E223A2230203135203130202A202A203F202A222C226A6F624964223A226532646437383665333837323433303838626536373436646266336132343030222C226D6574686F644E616D65223A227465737432222C226265616E4E616D65223A22746573745461736B222C2272656D61726B223A22E6B58BE8AF95E5AE9AE697B6E4BBBBE58AA1222C22737461747573223A307D, '4596', null, '2019-07-12 07:33:45.779000');
INSERT INTO `sys_log` VALUES ('94497a75490f449994f1489af4da1523', 'admin', '修改菜单', 'com.bettem.modules.sys.controller.SysMenuController.update()', 0x7B226E616D65223A22E69785E6B8B8222C226D656E754964223A223762393165633234303864343464643939396261316661613263353631333061222C226F726465724E756D223A322C2274797065223A2230222C22706172656E744964223A2230227D, '85', null, '2019-07-09 16:03:15.950000');
INSERT INTO `sys_log` VALUES ('94b1b733ed21497bbe9e8b2a0c1e0c12', 'admin', '修改定时任务', 'com.bettem.modules.job.controller.ScheduleJobController.update()', 0x7B2263726F6E45787072657373696F6E223A2230203135203130202A202A203F202A222C226A6F624964223A223834306266653131666632613466393638373535373237313464383039386466222C226D6574686F644E616D65223A227465737432222C226265616E4E616D65223A22746573745461736B222C22737461747573223A307D, '129', null, '2019-07-12 08:34:32.169000');
INSERT INTO `sys_log` VALUES ('98876ed578fb4600a268982b3ba0d991', 'admin', '删除用户', 'com.bettem.modules.sys.controller.SysUserController.delete()', 0x5B6E756C6C5D, '13', null, '2019-07-11 12:58:58.551000');
INSERT INTO `sys_log` VALUES ('9b3a6c1be23a487a94754803ad89e02c', 'admin', '保存菜单', 'com.bettem.modules.sys.controller.SysMenuController.save()', 0x7B226E616D65223A22313131222C226D656E754964223A226634323036326364306462353438346338616262623139303736316235326232222C226F726465724E756D223A312C2274797065223A302C22706172656E744964223A2230227D, '84', null, '2019-07-09 15:14:13.159000');
INSERT INTO `sys_log` VALUES ('9c9527ca18604ab4b2d9667eb8eb7227', 'admin', '修改菜单', 'com.bettem.modules.sys.controller.SysMenuController.update()', 0x7B2270617468223A222F73797374656D222C2269636F6E223A2264617368626F617264222C226E616D65223A22E7B3BBE7BB9FE7AEA1E79086222C226D656E754964223A2231222C226F726465724E756D223A372C2274797065223A2230222C22706172656E744964223A2230227D, '6', null, '2019-07-11 06:15:22.320000');
INSERT INTO `sys_log` VALUES ('9d04001f4c614f8d805e84fbf565006f', 'admin', '修改菜单', 'com.bettem.modules.sys.controller.SysMenuController.update()', 0x7B2270617468223A2231222C2269636F6E223A2231222C226E616D65223A2231222C226D656E754964223A223665613137623931343436373436363762613866326661336435613831646432222C226F726465724E756D223A312C227065726D73223A2231222C2274797065223A2230222C22706172656E744964223A2230227D, '4', null, '2019-07-11 09:58:58.113000');
INSERT INTO `sys_log` VALUES ('9d164dfd474b42f584c0d251abe5e23e', 'admin', '修改菜单', 'com.bettem.modules.sys.controller.SysMenuController.update()', 0x7B2270617468223A2231222C2269636F6E223A2231222C226E616D65223A2231222C226D656E754964223A223665613137623931343436373436363762613866326661336435613831646432222C226F726465724E756D223A312C227065726D73223A2231222C2274797065223A2230222C22706172656E744964223A2230227D, '23', null, '2019-07-11 09:54:37.605000');
INSERT INTO `sys_log` VALUES ('a5eb7441f49647ad95885873a4c71b3b', 'admin', '修改角色', 'com.bettem.modules.sys.controller.SysRoleController.update()', 0x7B22726F6C654964223A226461623530316237303065333430333238643830386633303535323964623662222C22726F6C65436F6465223A22716473222C22726F6C654E616D65223A22E6B8A0E98193E59586222C226D656E7549644C697374223A5B223333222C223135222C223331222C223334222C223138222C223137222C2231222C2232222C223332222C223136222C223335225D7D, '149', null, '2019-07-10 13:56:11.224000');
INSERT INTO `sys_log` VALUES ('a7fadf9567f64fd191de6c9da16e0df4', 'admin', '保存角色', 'com.bettem.modules.sys.controller.SysRoleController.save()', 0x7B2263726561746554696D65223A313536323832353032343235382C22726F6C654964223A223766393765653937373935303431313562326533653930393435396433643937222C22726F6C65436F6465223A22677973222C22726F6C654E616D65223A22E4BE9BE5BA94E59586222C226D656E7549644C697374223A5B2232222C223135222C223136222C223137222C223138222C2231225D7D, '105', null, '2019-07-11 06:03:44.362000');
INSERT INTO `sys_log` VALUES ('a9f3896993404e49b27f56ad70a09ace', 'admin', '修改菜单', 'com.bettem.modules.sys.controller.SysMenuController.update()', 0x7B226E616D65223A22E69785E6B8B8222C226D656E754964223A223762393165633234303864343464643939396261316661613263353631333061222C226F726465724E756D223A322C2274797065223A2230222C22706172656E744964223A2230227D, '2', null, '2019-07-10 00:24:58.825000');
INSERT INTO `sys_log` VALUES ('ab77ee3d385f49518d558d83a16229e7', 'admin', '保存角色', 'com.bettem.modules.sys.controller.SysRoleController.save()', 0x7B2263726561746554696D65223A313536323736383039363537352C22726F6C654964223A226261313533353835303938623436386261626238613063666237633039666233222C22726F6C65436F6465223A22716473222C22726F6C654E616D65223A22E6B8A0E98193E59586222C226D656E7549644C697374223A5B2232225D7D, '108', null, '2019-07-10 14:14:56.683000');
INSERT INTO `sys_log` VALUES ('ac20353d2be545519a0c5faf7bfcdf73', 'admin', '修改菜单', 'com.bettem.modules.sys.controller.SysMenuController.update()', 0x7B226E616D65223A22E69785E6B8B8222C226D656E754964223A223762393165633234303864343464643939396261316661613263353631333061222C226F726465724E756D223A322C2274797065223A2230222C22706172656E744964223A2230227D, '4', null, '2019-07-10 00:12:03.775000');
INSERT INTO `sys_log` VALUES ('ac67ef0feedd495e917aa81fdcad3ce3', 'admin', '删除菜单', 'com.bettem.modules.sys.controller.SysMenuController.delete()', 0x6364636336356361306438343434616138363765373538316534613734353766, '452', null, '2019-07-09 15:09:46.503000');
INSERT INTO `sys_log` VALUES ('acad9e632948487eb70a138ed1d74fa2', 'admin', '删除角色', 'com.bettem.modules.sys.controller.SysRoleController.delete()', 0x5B226461623530316237303065333430333238643830386633303535323964623662225D, '745', null, '2019-07-10 14:03:54.162000');
INSERT INTO `sys_log` VALUES ('aeeeb940f7544373b91d6a5b6981b546', 'admin', '修改菜单', 'com.bettem.modules.sys.controller.SysMenuController.update()', 0x7B226E616D65223A22E69785E6B8B8222C226D656E754964223A223762393165633234303864343464643939396261316661613263353631333061222C226F726465724E756D223A322C2274797065223A2230222C22706172656E744964223A2230227D, '3', null, '2019-07-10 00:06:05.211000');
INSERT INTO `sys_log` VALUES ('b3d65aff1f74416587cb0153c9746257', 'admin', '删除用户', 'com.bettem.modules.sys.controller.SysUserController.delete()', 0x5B223065623631306539646463363436313938643466316637316263666136643665225D, '100', null, '2019-07-11 13:00:33.408000');
INSERT INTO `sys_log` VALUES ('b5d374fff26440c881c5de5df1c64364', 'admin', '修改菜单', 'com.bettem.modules.sys.controller.SysMenuController.update()', 0x7B2269636F6E223A2231222C226E616D65223A2231222C226D656E754964223A223665613137623931343436373436363762613866326661336435613831646432222C226F726465724E756D223A312C2274797065223A2230222C22706172656E744964223A2230227D, '79', null, '2019-07-11 09:44:56.495000');
INSERT INTO `sys_log` VALUES ('b6e5c9cbef7644c1b2446b7d5bd7eccb', 'admin', '保存角色', 'com.bettem.modules.sys.controller.SysRoleController.save()', 0x7B2263726561746554696D65223A313536323736383035343434372C22726F6C654964223A226238363935336634666262643437333238336338346266663266363231626366222C22726F6C65436F6465223A22716473222C22726F6C654E616D65223A22E6B8A0E98193E59586222C226D656E7549644C697374223A5B2231222C2232225D7D, '79', null, '2019-07-10 14:14:14.526000');
INSERT INTO `sys_log` VALUES ('b761a32c4f0f4ab58153fd8c6204e8f6', 'admin', '保存用户', 'com.bettem.modules.sys.controller.SysUserController.save()', 0x7B226D656E754C697374223A5B5D2C22726F6C6549644C697374223A5B7B22726F6C654964223A223766393765653937373935303431313562326533653930393435396433643937227D5D2C226E69636B4E616D65223A22E8B5B5E585AD222C22646570744964223A223835616164616362336635313438306462656361643835353866643837353337222C226D6F62696C65223A223133333333343435353636222C227065726D73536574223A5B5D2C22757365724964223A223764316666363364323532393463666461623461376330373336336566383562222C2263726561746554696D65223A313536323930303736393334362C22656D61696C223A223132333435364071712E636F6D222C22737461747573223A302C22757365726E616D65223A2274657374227D, '466', null, '2019-07-12 03:06:09.723000');
INSERT INTO `sys_log` VALUES ('b7a0a8b232844b4b88b059c3324b9650', 'admin', '修改菜单', 'com.bettem.modules.sys.controller.SysMenuController.update()', 0x7B226E616D65223A22E69785E6B8B8222C226D656E754964223A223762393165633234303864343464643939396261316661613263353631333061222C226F726465724E756D223A322C2274797065223A2230222C22706172656E744964223A2230227D, '4', null, '2019-07-09 16:04:16.884000');
INSERT INTO `sys_log` VALUES ('b8a82f69b0e241b1af1f7648d77d1987', 'admin', '修改菜单', 'com.bettem.modules.sys.controller.SysMenuController.update()', 0x7B226E616D65223A22E69785E6B8B8222C226D656E754964223A223762393165633234303864343464643939396261316661613263353631333061222C226F726465724E756D223A322C2274797065223A2230222C22706172656E744964223A2230227D, '4', null, '2019-07-10 00:05:54.668000');
INSERT INTO `sys_log` VALUES ('b9a7eab2b4e84994a61abf86492a058d', 'admin', '修改定时任务', 'com.bettem.modules.job.controller.ScheduleJobController.update()', 0x7B2263726F6E45787072657373696F6E223A2230203135203130202A202A203F202A222C226A6F624964223A226532646437383665333837323433303838626536373436646266336132343030222C226D6574686F644E616D65223A227465737432222C226265616E4E616D65223A22746573745461736B222C2272656D61726B223A22E6B58BE8AF95E5AE9AE697B6E4BBBBE58AA13132333132333132222C22737461747573223A307D, '7058', null, '2019-07-12 07:34:02.119000');
INSERT INTO `sys_log` VALUES ('bb209fb4a05442489a2b44a8c1a7aa34', 'admin', '修改菜单', 'com.bettem.modules.sys.controller.SysMenuController.update()', 0x7B226E616D65223A22E69785E6B8B8222C226D656E754964223A223762393165633234303864343464643939396261316661613263353631333061222C226F726465724E756D223A322C2274797065223A2230222C22706172656E744964223A2230227D, '6', null, '2019-07-10 00:15:57.470000');
INSERT INTO `sys_log` VALUES ('bb8efde62322468c8618da3252dfdf18', 'admin', '删除角色', 'com.bettem.modules.sys.controller.SysRoleController.delete()', 0x5B223937326363353262346633313430306162303833353065383139393833303664225D, '565', null, '2019-07-11 05:17:04.099000');
INSERT INTO `sys_log` VALUES ('bd7f537a731b40af973333edf79188e8', 'admin', '修改菜单', 'com.bettem.modules.sys.controller.SysMenuController.update()', 0x7B226E616D65223A22E69785E6B8B8222C226D656E754964223A223762393165633234303864343464643939396261316661613263353631333061222C226F726465724E756D223A312C2274797065223A2230222C22706172656E744964223A2230227D, '4', null, '2019-07-09 23:58:22.851000');
INSERT INTO `sys_log` VALUES ('c08220a327ba4a169e6d621ad0c6414b', 'admin', '修改菜单', 'com.bettem.modules.sys.controller.SysMenuController.update()', 0x7B226E616D65223A22E69785E6B8B8222C226D656E754964223A223762393165633234303864343464643939396261316661613263353631333061222C226F726465724E756D223A332C2274797065223A2230222C22706172656E744964223A2230227D, '97', null, '2019-07-09 16:04:26.507000');
INSERT INTO `sys_log` VALUES ('c0d6081ae44f4816ac9da3a1d94fcad9', 'admin', '修改角色', 'com.bettem.modules.sys.controller.SysRoleController.update()', 0x7B22726F6C654964223A226461623530316237303065333430333238643830386633303535323964623662222C22726F6C65436F6465223A22716473222C22726F6C654E616D65223A22E6B8A0E98193E5958631222C226D656E7549644C697374223A5B223333222C223332222C223335222C223334222C223331222C2231225D7D, '136', null, '2019-07-10 13:55:51.911000');
INSERT INTO `sys_log` VALUES ('c3e9b578ac3b4bc1ad9f9de2e2d52676', 'admin', '修改菜单', 'com.bettem.modules.sys.controller.SysMenuController.update()', 0x7B226E616D65223A2231222C226D656E754964223A223665613137623931343436373436363762613866326661336435613831646432222C226F726465724E756D223A312C2274797065223A2230222C22706172656E744964223A2230227D, '4', null, '2019-07-11 09:43:32.014000');
INSERT INTO `sys_log` VALUES ('c52bcbb71140404cac94b85af991e9a7', 'admin', '修改菜单', 'com.bettem.modules.sys.controller.SysMenuController.update()', 0x7B226E616D65223A22E69785E6B8B8222C226D656E754964223A223762393165633234303864343464643939396261316661613263353631333061222C226F726465724E756D223A322C2274797065223A2230222C22706172656E744964223A2230227D, '2', null, '2019-07-10 00:17:02.697000');
INSERT INTO `sys_log` VALUES ('c8e9d9256193475b96341c5bbc4467ba', 'admin', '暂停定时任务', 'com.bettem.modules.job.controller.ScheduleJobController.pause()', 0x5B223834306266653131666632613466393638373535373237313464383039386466225D, '5', null, '2019-07-12 08:43:29.800000');
INSERT INTO `sys_log` VALUES ('cb65557484a6470bb48097b4eca4b828', 'admin', '保存定时任务', 'com.bettem.modules.job.controller.ScheduleJobController.save()', 0x7B2263726F6E45787072657373696F6E223A2230203135203130202A202A203F202A222C226A6F624964223A223834633530303964363532623430303761376265373237373431336264393331222C2263726561746554696D65223A313536323932343933343434352C226D6574686F644E616D65223A227465737432222C226265616E4E616D65223A22746573745461736B222C22737461747573223A307D, '537', null, '2019-07-12 09:48:54.979000');
INSERT INTO `sys_log` VALUES ('ce72692555a64d56b8359b1baddc6d1d', 'admin', '保存角色', 'com.bettem.modules.sys.controller.SysRoleController.save()', 0x7B2263726561746554696D65223A313536323736353435303435372C22726F6C654964223A226461623530316237303065333430333238643830386633303535323964623662222C22726F6C65436F6465223A22716473222C22726F6C654E616D65223A22E6B8A0E98193E59586222C226D656E7549644C697374223A5B223331222C223332222C223333222C223334222C223335225D7D, '192', null, '2019-07-10 13:30:50.648000');
INSERT INTO `sys_log` VALUES ('ce873850385b442b8df385f90bccec0e', 'admin', '修改菜单', 'com.bettem.modules.sys.controller.SysMenuController.update()', 0x7B2270617468223A222F73797374656D222C2269636F6E223A2264617368626F617264222C226E616D65223A22E7B3BBE7BB9FE7AEA1E79086222C226D656E754964223A2231222C226F726465724E756D223A372C227065726D73223A2231222C2274797065223A2230222C22706172656E744964223A2230227D, '3', null, '2019-07-11 09:41:10.061000');
INSERT INTO `sys_log` VALUES ('d1057f54dbda46ebad45ecbf5f8aa251', 'admin', '修改角色', 'com.bettem.modules.sys.controller.SysRoleController.update()', 0x7B22726F6C654964223A223766393765653937373935303431313562326533653930393435396433643937222C22726F6C65436F6465223A22677973222C22726F6C654E616D65223A22E4BE9BE5BA94E59586222C226D656E7549644C697374223A5B223138222C2232222C223136222C223135222C2231222C223331222C223332222C223333222C223334222C223335225D7D, '256', null, '2019-07-12 05:27:16.013000');
INSERT INTO `sys_log` VALUES ('d23c52f122d249169e287eb912a68fa7', 'admin', '修改菜单', 'com.bettem.modules.sys.controller.SysMenuController.update()', 0x7B226E616D65223A22E69785E6B8B8222C226D656E754964223A223762393165633234303864343464643939396261316661613263353631333061222C226F726465724E756D223A322C2274797065223A2230222C22706172656E744964223A2230227D, '7', null, '2019-07-10 00:05:58.442000');
INSERT INTO `sys_log` VALUES ('d2bfe84729a140ca867a196d4ca657bc', 'admin', '修改菜单', 'com.bettem.modules.sys.controller.SysMenuController.update()', 0x7B2270617468223A222F73797374656D222C2269636F6E223A2264617368626F617264222C226E616D65223A22E7B3BBE7BB9FE7AEA1E79086222C226D656E754964223A2231222C226F726465724E756D223A372C227065726D73223A2231222C2274797065223A2230222C22706172656E744964223A2230227D, '5', null, '2019-07-11 09:41:17.530000');
INSERT INTO `sys_log` VALUES ('d2dd024146bd4b41afebbf8745e3ed76', 'admin', '暂停定时任务', 'com.bettem.modules.job.controller.ScheduleJobController.pause()', 0x5B223834306266653131666632613466393638373535373237313464383039386466225D, '87', null, '2019-07-12 08:41:51.327000');
INSERT INTO `sys_log` VALUES ('d70fcfba1ab94441be92346baf194469', 'admin', '修改角色', 'com.bettem.modules.sys.controller.SysRoleController.update()', 0x7B22726F6C654964223A226565383839343231626336383435306438343038393937313230643462653437222C22726F6C65436F6465223A22677973222C22726F6C654E616D65223A22E4BE9BE5BA94E59586222C226D656E7549644C697374223A5B2231225D7D, '120', null, '2019-07-10 14:09:48.008000');
INSERT INTO `sys_log` VALUES ('d8ab3c9fa2004814840cc032ec27da3e', 'admin', '删除角色', 'com.bettem.modules.sys.controller.SysRoleController.delete()', 0x5B226432396361636561663931363464666539646139623138656361393366396665225D, '415', null, '2019-07-10 14:37:06.308000');
INSERT INTO `sys_log` VALUES ('dd285d68b93144e097abcda48d432e7e', 'admin', '立即执行任务', 'com.bettem.modules.job.controller.ScheduleJobController.run()', 0x5B223834306266653131666632613466393638373535373237313464383039386466225D, '114', null, '2019-07-12 08:34:37.045000');
INSERT INTO `sys_log` VALUES ('dd5b2cda7f7e48d4803a54bbffef60a5', 'admin', '立即执行任务', 'com.bettem.modules.job.controller.ScheduleJobController.run()', 0x5B223834306266653131666632613466393638373535373237313464383039386466225D, '84', null, '2019-07-12 08:33:52.666000');
INSERT INTO `sys_log` VALUES ('e0e821fca15d40acb96d7bacc49a160c', 'admin', '保存菜单', 'com.bettem.modules.sys.controller.SysMenuController.save()', 0x7B226E616D65223A2231222C226D656E754964223A223735363934653030613066303461636262313863633462373239613534376439222C226F726465724E756D223A312C2274797065223A2230222C22706172656E744964223A2230227D, '159', null, '2019-07-11 06:14:23.773000');
INSERT INTO `sys_log` VALUES ('e38ad80fb38d41958785120ed982de25', 'admin', '修改菜单', 'com.bettem.modules.sys.controller.SysMenuController.update()', 0x7B226E616D65223A22E69785E6B8B8222C226D656E754964223A223762393165633234303864343464643939396261316661613263353631333061222C226F726465724E756D223A322C2274797065223A2230222C22706172656E744964223A2230227D, '87', null, '2019-07-09 23:55:07.572000');
INSERT INTO `sys_log` VALUES ('e6475292b69f49489ea4bf60eb482fb7', 'admin', '修改菜单', 'com.bettem.modules.sys.controller.SysMenuController.update()', 0x7B226E616D65223A22E69785E6B8B8222C226D656E754964223A223762393165633234303864343464643939396261316661613263353631333061222C226F726465724E756D223A322C2274797065223A2230222C22706172656E744964223A2230227D, '3', null, '2019-07-10 00:06:07.128000');
INSERT INTO `sys_log` VALUES ('e74995bad6164a34b1a675f389024ebd', 'admin', '暂停定时任务', 'com.bettem.modules.job.controller.ScheduleJobController.pause()', 0x5B223834306266653131666632613466393638373535373237313464383039386466225D, '4', null, '2019-07-12 08:43:35.407000');
INSERT INTO `sys_log` VALUES ('e8e7347d36b3433391f458e578c41eaa', 'admin', '保存定时任务', 'com.bettem.modules.job.controller.ScheduleJobController.save()', 0x7B2263726F6E45787072657373696F6E223A2230203135203130202A202A203F202A222C226A6F624964223A223834306266653131666632613466393638373535373237313464383039386466222C2263726561746554696D65223A313536323931393636303839312C226D6574686F644E616D65223A227465737432222C226265616E4E616D65223A227461736B222C22737461747573223A307D, '449', null, '2019-07-12 08:21:01.339000');
INSERT INTO `sys_log` VALUES ('e93d02ee4d4b4e98b6895210991cc395', 'admin', '保存用户', 'com.bettem.modules.sys.controller.SysUserController.save()', 0x7B226D656E754C697374223A5B5D2C22726F6C6549644C697374223A5B7B22726F6C654964223A223766393765653937373935303431313562326533653930393435396433643937227D5D2C226E69636B4E616D65223A22E8B5B5E585AD222C22646570744964223A223835616164616362336635313438306462656361643835353866643837353337222C226D6F62696C65223A223133333333343435353636222C227065726D73536574223A5B5D2C22757365724964223A223065623631306539646463363436313938643466316637316263666136643665222C2263726561746554696D65223A313536323834393738343036392C22656D61696C223A223138333335343631383136403133392E636F6D222C22737461747573223A302C22757365726E616D65223A227465737431227D, '208', null, '2019-07-11 12:56:24.275000');
INSERT INTO `sys_log` VALUES ('ed0e247c57f04eb99b2ce3b5397a0c07', 'admin', '删除用户', 'com.bettem.modules.sys.controller.SysUserController.delete()', 0x5B223430616438383436626339303466626562323334333633353537373665343637225D, '96', null, '2019-07-11 12:59:48.895000');
INSERT INTO `sys_log` VALUES ('f0df1d7bfd4e46e2b636ec7af399f40b', 'admin', '修改角色', 'com.bettem.modules.sys.controller.SysRoleController.update()', 0x7B22726F6C654964223A226461623530316237303065333430333238643830386633303535323964623662222C22726F6C65436F6465223A22716473222C22726F6C654E616D65223A22E6B8A0E98193E5958631222C226D656E7549644C697374223A5B223333222C223331222C223332222C223335222C223334222C2231222C2232222C223135222C223136222C223137222C223138225D7D, '155', null, '2019-07-10 13:56:02.856000');
INSERT INTO `sys_log` VALUES ('f16898e0134546b7908fb72986663cff', 'admin', '修改菜单', 'com.bettem.modules.sys.controller.SysMenuController.update()', 0x7B2270617468223A2231222C2269636F6E223A2231222C226E616D65223A2231222C226D656E754964223A223665613137623931343436373436363762613866326661336435613831646432222C226F726465724E756D223A312C2274797065223A2230222C22706172656E744964223A2230227D, '4', null, '2019-07-11 09:48:54.961000');
INSERT INTO `sys_log` VALUES ('f3c8ed59934f41338e8ee08f4560d0ec', 'admin', '保存菜单', 'com.bettem.modules.sys.controller.SysMenuController.save()', 0x7B2270617468223A222F222C226E616D65223A22E4BAA7E59381E7BBB4E68AA4222C226D656E754964223A226364636336356361306438343434616138363765373538316534613734353766222C226F726465724E756D223A312C2274797065223A312C22706172656E744964223A223535313635353066323932633438373239616235316336323131323730393030227D, '99', null, '2019-07-09 15:07:03.188000');
INSERT INTO `sys_log` VALUES ('ff683479242548519cd4ddd005c0e7d8', 'admin', '删除角色', 'com.bettem.modules.sys.controller.SysRoleController.delete()', 0x5B226238363935336634666262643437333238336338346266663266363231626366225D, '229', null, '2019-07-10 14:14:38.327000');

-- ----------------------------
-- Table structure for sys_menu
-- ----------------------------
DROP TABLE IF EXISTS `sys_menu`;
CREATE TABLE `sys_menu` (
  `MENU_ID` varchar(32) COLLATE utf8_bin NOT NULL COMMENT '菜单id',
  `PARENT_ID` varchar(32) COLLATE utf8_bin NOT NULL COMMENT '上级菜单id',
  `NAME` varchar(50) COLLATE utf8_bin DEFAULT NULL COMMENT '菜单名称',
  `PATH` varchar(200) CHARACTER SET utf8 COLLATE utf8_bin DEFAULT NULL COMMENT '菜单路径',
  `PERMS` text COLLATE utf8_bin COMMENT '菜单权限',
  `TYPE` varchar(2) COLLATE utf8_bin DEFAULT NULL COMMENT '菜单类型',
  `ICON` varchar(50) COLLATE utf8_bin DEFAULT NULL COMMENT '菜单图标',
  `ORDER_NUM` int(11) DEFAULT NULL COMMENT '菜单排序',
  PRIMARY KEY (`MENU_ID`)
) ENGINE=InnoDB DEFAULT CHARSET=utf8 COLLATE=utf8_bin COMMENT='菜单表';

-- ----------------------------
-- Records of sys_menu
-- ----------------------------
INSERT INTO `sys_menu` VALUES ('1', '0', '系统管理', '/system', 0x31, '0', 'dashboard', '7');
INSERT INTO `sys_menu` VALUES ('10', '6', '删除', null, 0x7379733A7363686564756C653A64656C657465, '2', null, '0');
INSERT INTO `sys_menu` VALUES ('11', '6', '暂停', null, 0x7379733A7363686564756C653A7061757365, '2', null, '0');
INSERT INTO `sys_menu` VALUES ('12', '6', '恢复', null, 0x7379733A7363686564756C653A726573756D65, '2', null, '0');
INSERT INTO `sys_menu` VALUES ('13', '6', '立即执行', null, 0x7379733A7363686564756C653A72756E, '2', null, '0');
INSERT INTO `sys_menu` VALUES ('14', '6', '日志列表', null, 0x7379733A7363686564756C653A6C6F67, '2', null, '0');
INSERT INTO `sys_menu` VALUES ('15', '2', '查看', null, 0x7379733A757365723A6C6973742C7379733A757365723A696E666F2C7379733A646570743A6C697374, '2', null, '0');
INSERT INTO `sys_menu` VALUES ('16', '2', '新增', null, 0x7379733A757365723A736176652C7379733A726F6C653A73656C6563742C7379733A757365723A66696E64436F756E744279506172616D, '2', null, '0');
INSERT INTO `sys_menu` VALUES ('17', '2', '修改', null, 0x7379733A757365723A7570646174652C7379733A726F6C653A73656C6563742C7379733A706F736974696F6E3A66696E644C6973742C7379733A757365723A66696E64436F756E744279506172616D, '2', null, '0');
INSERT INTO `sys_menu` VALUES ('18', '2', '删除', null, 0x7379733A757365723A64656C657465, '2', null, '0');
INSERT INTO `sys_menu` VALUES ('19', '3', '查看', null, 0x7379733A726F6C653A6C6973742C7379733A726F6C653A696E666F, '2', null, '0');
INSERT INTO `sys_menu` VALUES ('2', '1', '用户管理', '/system/user', null, '1', null, '1');
INSERT INTO `sys_menu` VALUES ('20', '3', '新增', null, 0x7379733A726F6C653A736176652C7379733A6D656E753A7065726D732C7379733A706F736974696F6E3A66696E644C697374, '2', null, '0');
INSERT INTO `sys_menu` VALUES ('21', '3', '修改', null, 0x7379733A726F6C653A7570646174652C7379733A6D656E753A7065726D732C7379733A6D656E753A6C6973742C7379733A646570743A6C697374, '2', null, '0');
INSERT INTO `sys_menu` VALUES ('22', '3', '删除', null, 0x7379733A726F6C653A64656C657465, '2', null, '0');
INSERT INTO `sys_menu` VALUES ('23', '4', '查看', null, 0x7379733A6D656E753A6C6973742C7379733A6D656E753A696E666F, '2', null, '0');
INSERT INTO `sys_menu` VALUES ('24', '4', '新增', null, 0x7379733A6D656E753A736176652C7379733A6D656E753A73656C656374, '2', null, '0');
INSERT INTO `sys_menu` VALUES ('25', '4', '修改', null, 0x7379733A6D656E753A7570646174652C7379733A6D656E753A73656C656374, '2', null, '0');
INSERT INTO `sys_menu` VALUES ('26', '4', '删除', null, 0x7379733A6D656E753A64656C657465, '2', null, '0');
INSERT INTO `sys_menu` VALUES ('29', '1', '系统日志', '/system/log', 0x7379733A6C6F673A6C697374, '1', null, '7');
INSERT INTO `sys_menu` VALUES ('3', '1', '角色管理', '/system/role', null, '1', null, '2');
INSERT INTO `sys_menu` VALUES ('31', '1', '部门管理', '/system/dept', null, '1', null, '1');
INSERT INTO `sys_menu` VALUES ('32', '31', '查看', null, 0x7379733A646570743A696E666F2C7379733A646570743A6C697374, '2', null, '0');
INSERT INTO `sys_menu` VALUES ('33', '31', '新增', null, 0x7379733A646570743A736176652C7379733A646570743A73656C656374, '2', null, '0');
INSERT INTO `sys_menu` VALUES ('34', '31', '修改', null, 0x7379733A646570743A7570646174652C7379733A646570743A73656C656374, '2', null, '0');
INSERT INTO `sys_menu` VALUES ('35', '31', '删除', null, 0x7379733A646570743A64656C657465, '2', null, '0');
INSERT INTO `sys_menu` VALUES ('4', '1', '菜单管理', '/system/menu', null, '1', null, '3');
INSERT INTO `sys_menu` VALUES ('5', '1', 'SQL监控', '/list/table-list', null, '1', null, '4');
INSERT INTO `sys_menu` VALUES ('6', '1', '定时任务', '/system/job/jobList', null, '1', null, '5');
INSERT INTO `sys_menu` VALUES ('7', '6', '查看', null, 0x7379733A7363686564756C653A6C6973742C7379733A7363686564756C653A696E666F, '2', null, '0');
INSERT INTO `sys_menu` VALUES ('8', '6', '新增', null, 0x7379733A7363686564756C653A73617665, '2', null, '0');
INSERT INTO `sys_menu` VALUES ('9', '6', '修改', null, 0x7379733A7363686564756C653A757064617465, '2', null, '0');

-- ----------------------------
-- Table structure for sys_role
-- ----------------------------
DROP TABLE IF EXISTS `sys_role`;
CREATE TABLE `sys_role` (
  `ROLE_ID` varchar(32) CHARACTER SET utf8 COLLATE utf8_general_ci NOT NULL COMMENT '角色id',
  `ROLE_CODE` varchar(50) CHARACTER SET utf8 COLLATE utf8_general_ci DEFAULT NULL COMMENT '角色编码',
  `ROLE_NAME` varchar(100) CHARACTER SET utf8 COLLATE utf8_general_ci DEFAULT NULL COMMENT '角色名称',
  `REMARK` varchar(100) CHARACTER SET utf8 COLLATE utf8_general_ci DEFAULT NULL COMMENT '备注',
  `CREATE_TIME` datetime DEFAULT NULL COMMENT '创建时间',
  `USER_TYPE` varchar(2) CHARACTER SET utf8 COLLATE utf8_general_ci DEFAULT NULL COMMENT '用户分类',
  PRIMARY KEY (`ROLE_ID`) USING BTREE
) ENGINE=InnoDB DEFAULT CHARSET=utf8 ROW_FORMAT=DYNAMIC;

-- ----------------------------
-- Records of sys_role
-- ----------------------------
INSERT INTO `sys_role` VALUES ('29897a94f7c74f1ea2f07fb37762e083', 'qds', '渠道商', null, '2019-07-12 04:04:35', null);
INSERT INTO `sys_role` VALUES ('7f97ee9779504115b2e3e909459d3d97', 'gys', '供应商', null, '2019-07-11 06:03:44', null);

-- ----------------------------
-- Table structure for sys_role_dept
-- ----------------------------
DROP TABLE IF EXISTS `sys_role_dept`;
CREATE TABLE `sys_role_dept` (
  `ID` varchar(32) COLLATE utf8_bin NOT NULL COMMENT '主键',
  `ROLE_ID` varchar(32) COLLATE utf8_bin NOT NULL COMMENT '角色id',
  `DEPT_ID` varchar(32) COLLATE utf8_bin NOT NULL COMMENT '部门id',
  PRIMARY KEY (`ID`)
) ENGINE=InnoDB DEFAULT CHARSET=utf8 COLLATE=utf8_bin COMMENT='角色部门关联表';

-- ----------------------------
-- Records of sys_role_dept
-- ----------------------------

-- ----------------------------
-- Table structure for sys_role_menu
-- ----------------------------
DROP TABLE IF EXISTS `sys_role_menu`;
CREATE TABLE `sys_role_menu` (
  `ID` varchar(32) COLLATE utf8_bin NOT NULL COMMENT '主键',
  `ROLE_ID` varchar(32) COLLATE utf8_bin NOT NULL COMMENT '角色id',
  `MENU_ID` varchar(32) COLLATE utf8_bin NOT NULL COMMENT '菜单id',
  PRIMARY KEY (`ID`)
) ENGINE=InnoDB DEFAULT CHARSET=utf8 COLLATE=utf8_bin COMMENT='角色菜单关联表';

-- ----------------------------
-- Records of sys_role_menu
-- ----------------------------
INSERT INTO `sys_role_menu` VALUES ('259949120eb046719f35780a53f99379', '7f97ee9779504115b2e3e909459d3d97', '2');
INSERT INTO `sys_role_menu` VALUES ('36a8e310f86744b69260eaf9d4c6b604', '7f97ee9779504115b2e3e909459d3d97', '33');
INSERT INTO `sys_role_menu` VALUES ('3a79336e5cbb46f5940c885fb0712a01', '7f97ee9779504115b2e3e909459d3d97', '15');
INSERT INTO `sys_role_menu` VALUES ('4f9be747a55a479081edcadef7d0e833', '29897a94f7c74f1ea2f07fb37762e083', '18');
INSERT INTO `sys_role_menu` VALUES ('67b157cc6e8b4e8f93516f7175ecbd89', '29897a94f7c74f1ea2f07fb37762e083', '16');
INSERT INTO `sys_role_menu` VALUES ('74614883d8a74cc7a0549bd25b999254', '7f97ee9779504115b2e3e909459d3d97', '35');
INSERT INTO `sys_role_menu` VALUES ('871c866848cf4c0991d8ca9896be9443', '29897a94f7c74f1ea2f07fb37762e083', '2');
INSERT INTO `sys_role_menu` VALUES ('887abc7e5f2b4adb891173d499706a77', '7f97ee9779504115b2e3e909459d3d97', '34');
INSERT INTO `sys_role_menu` VALUES ('8a89d2778ed0455196a9f2e54a83c8c2', '29897a94f7c74f1ea2f07fb37762e083', '1');
INSERT INTO `sys_role_menu` VALUES ('8ada19d280994a8bba7eac255890c476', '7f97ee9779504115b2e3e909459d3d97', '16');
INSERT INTO `sys_role_menu` VALUES ('9c91b6cc1b61402ea7857f763c74e179', '7f97ee9779504115b2e3e909459d3d97', '18');
INSERT INTO `sys_role_menu` VALUES ('a2986c2634e34792805022726fb7f4db', '7f97ee9779504115b2e3e909459d3d97', '1');
INSERT INTO `sys_role_menu` VALUES ('afd68371ddda46d4a7ac1b83f3034adf', '29897a94f7c74f1ea2f07fb37762e083', '17');
INSERT INTO `sys_role_menu` VALUES ('bae50a4ed9b6421ea83ea4f04e1ac700', '29897a94f7c74f1ea2f07fb37762e083', '15');
INSERT INTO `sys_role_menu` VALUES ('cfc65ee6326046d4809677591adcc4cd', '7f97ee9779504115b2e3e909459d3d97', '32');
INSERT INTO `sys_role_menu` VALUES ('fe1258327dc24078b263f367b44c301f', '7f97ee9779504115b2e3e909459d3d97', '31');

-- ----------------------------
-- Table structure for sys_user
-- ----------------------------
DROP TABLE IF EXISTS `sys_user`;
CREATE TABLE `sys_user` (
  `USER_ID` varchar(32) COLLATE utf8_bin NOT NULL COMMENT '用户编号',
  `USERNAME` varchar(50) COLLATE utf8_bin NOT NULL COMMENT '用户名称',
  `PASSWORD` varchar(100) COLLATE utf8_bin DEFAULT NULL COMMENT '密码',
  `SALT` varchar(20) COLLATE utf8_bin DEFAULT NULL COMMENT '盐',
  `EMAIL` varchar(100) COLLATE utf8_bin DEFAULT NULL COMMENT '邮箱',
  `MOBILE` varchar(100) COLLATE utf8_bin DEFAULT NULL COMMENT '手机号',
  `STATUS` varchar(2) COLLATE utf8_bin NOT NULL COMMENT '状态',
  `DEPT_ID` varchar(32) COLLATE utf8_bin DEFAULT NULL COMMENT '部门id',
  `CREATE_TIME` datetime(6) DEFAULT NULL COMMENT '创建时间',
  `NICK_NAME` varchar(50) COLLATE utf8_bin DEFAULT NULL COMMENT '昵称',
  `POSITION` varchar(50) COLLATE utf8_bin DEFAULT NULL COMMENT '职位',
  `CARD_NUMBER` varchar(19) COLLATE utf8_bin DEFAULT NULL COMMENT '身份证号',
  PRIMARY KEY (`USER_ID`),
  UNIQUE KEY `INDEX_USERNAME` (`USERNAME`)
) ENGINE=InnoDB DEFAULT CHARSET=utf8 COLLATE=utf8_bin COMMENT='用户信息表';

-- ----------------------------
-- Records of sys_user
-- ----------------------------
INSERT INTO `sys_user` VALUES ('1', 'admin', '70398bd04060acd07abe3d96918edb07f2a3a60d849cc961ade3b9e47b891d58', 'YzcmCZNvbXocrsz9dm8e', 'root@renren.io', '18335461816', '01', '0-', '2018-09-28 10:16:02.000000', '超级管理员', null, null);
INSERT INTO `sys_user` VALUES ('7d1ff63d25294cfdab4a7c07363ef85b', 'test', 'd2bf8d78cea07bbd46c170fc299a3a576d38c34058e2da0154475b406c7bcefa', 'bpwrUdy6JkrgFFeqqcGc', '123456@qq.com', '13333445566', '01', '85aadacb3f51480dbecad8558fd87537', '2019-07-12 03:06:09.346000', '赵六', null, null);

-- ----------------------------
-- Table structure for sys_user_role
-- ----------------------------
DROP TABLE IF EXISTS `sys_user_role`;
CREATE TABLE `sys_user_role` (
  `ID` varchar(32) COLLATE utf8_bin NOT NULL COMMENT '主键',
  `USER_ID` varchar(32) COLLATE utf8_bin NOT NULL COMMENT '用户id',
  `ROLE_ID` varchar(32) COLLATE utf8_bin NOT NULL COMMENT '角色id',
  PRIMARY KEY (`ID`)
) ENGINE=InnoDB DEFAULT CHARSET=utf8 COLLATE=utf8_bin COMMENT='用户角色关联表';

-- ----------------------------
-- Records of sys_user_role
-- ----------------------------
INSERT INTO `sys_user_role` VALUES ('b173cdf14a8b4b00b69363ee2d7190d8', '7d1ff63d25294cfdab4a7c07363ef85b', '29897a94f7c74f1ea2f07fb37762e083');
INSERT INTO `sys_user_role` VALUES ('c7d9d9b4694646229d7c744c75fda094', '0eb610e9ddc646198d4f1f71bcfa6d6e', '7f97ee9779504115b2e3e909459d3d97');
INSERT INTO `sys_user_role` VALUES ('e331468aa8e44c94b6800387ac906649', '40ad8846bc904fbeb23436355776e467', '7f97ee9779504115b2e3e909459d3d97');
